CVEGEO,NOM_ENT,NOMGEO,pobTptal_2020
"01001",Aguascalientes,Aguascalientes,948990
"01002",Aguascalientes,Asientos,51536
"01003",Aguascalientes,Calvillo,58250
"01004",Aguascalientes,Cosío,17000
"01005",Aguascalientes,Jesús María,129929
"01006",Aguascalientes,Pabellón de Arteaga,47646
"01007",Aguascalientes,Rincón de Romos,57369
"01008",Aguascalientes,San José de Gracia,9552
"01009",Aguascalientes,Tepezalá,22485
"01010",Aguascalientes,El Llano,20853
"01011",Aguascalientes,San Francisco de los Romo,61997
"02001",Baja California,Ensenada,443807
"02002",Baja California,Mexicali,1049792
"02003",Baja California,Tecate,108440
"02004",Baja California,Tijuana,1922523
"02005",Baja California,Playas de Rosarito,126890
"02006",Baja California,San Quintín,117568
"03001",Baja California Sur,Comondú,73021
"03002",Baja California Sur,Mulegé,64022
"03003",Baja California Sur,La Paz,292241
"03008",Baja California Sur,Los Cabos,351111
"03009",Baja California Sur,Loreto,18052
"04001",Campeche,Calkiní,59232
"04002",Campeche,Campeche,294077
"04003",Campeche,Carmen,248845
"04004",Campeche,Champotón,78170
"04005",Campeche,Hecelchakán,31917
"04006",Campeche,Hopelchén,42140
"04007",Campeche,Palizada,8683
"04008",Campeche,Tenabo,11452
"04009",Campeche,Escárcega,59923
"04010",Campeche,Calakmul,31714
"04011",Campeche,Candelaria,46913
"04012",Campeche,Seybaplaya,15297
"05001",Coahuila de Zaragoza,Abasolo,1022
"05002",Coahuila de Zaragoza,Acuña,163058
"05003",Coahuila de Zaragoza,Allende,23056
"05004",Coahuila de Zaragoza,Arteaga,29578
"05005",Coahuila de Zaragoza,Candela,1643
"05006",Coahuila de Zaragoza,Castaños,29128
"05019",Coahuila de Zaragoza,Morelos,7928
"05020",Coahuila de Zaragoza,Múzquiz,71627
"05007",Coahuila de Zaragoza,Cuatro Ciénegas,12715
"05008",Coahuila de Zaragoza,Escobedo,3047
"05009",Coahuila de Zaragoza,Francisco I. Madero,59035
"05021",Coahuila de Zaragoza,Nadadores,6539
"05010",Coahuila de Zaragoza,Frontera,82409
"05011",Coahuila de Zaragoza,General Cepeda,11898
"05012",Coahuila de Zaragoza,Guerrero,1643
"05029",Coahuila de Zaragoza,Sacramento,2471
"05030",Coahuila de Zaragoza,Saltillo,879958
"05031",Coahuila de Zaragoza,San Buenaventura,24759
"05032",Coahuila de Zaragoza,San Juan de Sabinas,42260
"05033",Coahuila de Zaragoza,San Pedro,101041
"05013",Coahuila de Zaragoza,Hidalgo,1735
"05014",Coahuila de Zaragoza,Jiménez,9502
"05015",Coahuila de Zaragoza,Juárez,1584
"05016",Coahuila de Zaragoza,Lamadrid,1764
"05017",Coahuila de Zaragoza,Matamoros,118337
"05018",Coahuila de Zaragoza,Monclova,237951
"05022",Coahuila de Zaragoza,Nava,33129
"05023",Coahuila de Zaragoza,Ocampo,9642
"05024",Coahuila de Zaragoza,Parras,44472
"05025",Coahuila de Zaragoza,Piedras Negras,176327
"05026",Coahuila de Zaragoza,Progreso,3239
"05027",Coahuila de Zaragoza,Ramos Arizpe,122243
"05028",Coahuila de Zaragoza,Sabinas,64811
"05034",Coahuila de Zaragoza,Sierra Mojada,6744
"05035",Coahuila de Zaragoza,Torreón,720848
"05036",Coahuila de Zaragoza,Viesca,20305
"05037",Coahuila de Zaragoza,Villa Unión,6188
"05038",Coahuila de Zaragoza,Zaragoza,13135
"06001",Colima,Armería,27626
"06002",Colima,Colima,157048
"06003",Colima,Comala,21661
"06004",Colima,Coquimatlán,20837
"06005",Colima,Cuauhtémoc,31267
"06006",Colima,Ixtlahuacán,5623
"06007",Colima,Manzanillo,191031
"06008",Colima,Minatitlán,10231
"06009",Colima,Tecomán,116305
"06010",Colima,Villa de Álvarez,149762
"07001",Chiapas,Acacoyagua,17994
"07002",Chiapas,Acala,21187
"07003",Chiapas,Acapetahua,26899
"07004",Chiapas,Altamirano,36160
"07005",Chiapas,Amatán,24512
"07006",Chiapas,Amatenango de la Frontera,31735
"07007",Chiapas,Amatenango del Valle,11283
"07008",Chiapas,Ángel Albino Corzo,31947
"07009",Chiapas,Arriaga,41135
"07010",Chiapas,Bejucal de Ocampo,7365
"07068",Chiapas,Pichucalco,31919
"07069",Chiapas,Pijijiapan,51193
"07011",Chiapas,Bella Vista,20157
"07012",Chiapas,Berriozábal,64632
"07013",Chiapas,Bochil,37263
"07014",Chiapas,El Bosque,24273
"07015",Chiapas,Cacahoatán,50112
"07016",Chiapas,Catazajá,17619
"07017",Chiapas,Cintalapa,88106
"07018",Chiapas,Coapilla,9900
"07019",Chiapas,Comitán de Domínguez,166178
"07020",Chiapas,La Concordia,49920
"07021",Chiapas,Copainalá,22192
"07022",Chiapas,Chalchihuitán,21915
"07023",Chiapas,Chamula,101967
"07024",Chiapas,Chanal,13678
"07025",Chiapas,Chapultenango,7472
"07026",Chiapas,Chenalhó,47371
"07027",Chiapas,Chiapa de Corzo,112075
"07028",Chiapas,Chiapilla,6156
"07029",Chiapas,Chicoasén,5402
"07030",Chiapas,Chicomuselo,36785
"07031",Chiapas,Chilón,137262
"07032",Chiapas,Escuintla,30896
"07033",Chiapas,Francisco León,7245
"07034",Chiapas,Frontera Comalapa,80897
"07035",Chiapas,Frontera Hidalgo,14556
"07036",Chiapas,La Grandeza,7701
"07037",Chiapas,Huehuetán,36333
"07038",Chiapas,Huixtán,22975
"07039",Chiapas,Huitiupán,27893
"07040",Chiapas,Huixtla,53242
"07041",Chiapas,La Independencia,46409
"07042",Chiapas,Ixhuatán,11377
"07043",Chiapas,Ixtacomitán,10961
"07044",Chiapas,Ixtapa,28999
"07045",Chiapas,Ixtapangajoya,6284
"07046",Chiapas,Jiquipilas,41063
"07047",Chiapas,Jitotol,24966
"07048",Chiapas,Juárez,21807
"07049",Chiapas,Larráinzar,31259
"07050",Chiapas,La Libertad,5232
"07051",Chiapas,Mapastepec,46130
"07052",Chiapas,Las Margaritas,141027
"07070",Chiapas,El Porvenir,12263
"07053",Chiapas,Mazapa de Madero,7901
"07054",Chiapas,Mazatán,28250
"07071",Chiapas,Villa Comaltitlán,30297
"07072",Chiapas,Pueblo Nuevo Solistahuacán,29636
"07055",Chiapas,Metapa,5876
"07056",Chiapas,Mitontic,13755
"07057",Chiapas,Motozintla,76398
"07058",Chiapas,Nicolás Ruíz,4765
"07059",Chiapas,Ocosingo,234661
"07060",Chiapas,Ocotepec,14088
"07061",Chiapas,Ocozocoautla de Espinosa,97397
"07062",Chiapas,Ostuacán,18469
"07063",Chiapas,Osumacinta,3983
"07064",Chiapas,Oxchuc,54932
"07065",Chiapas,Palenque,132265
"07066",Chiapas,Pantelhó,26391
"07067",Chiapas,Pantepec,12266
"07073",Chiapas,Rayón,10866
"07074",Chiapas,Reforma,44829
"07075",Chiapas,Las Rosas,28829
"07076",Chiapas,Sabanilla,29889
"07077",Chiapas,Salto de Agua,64251
"07078",Chiapas,San Cristóbal de las Casas,215874
"07079",Chiapas,San Fernando,41793
"07080",Chiapas,Siltepec,25937
"07081",Chiapas,Simojovel,52935
"07082",Chiapas,Sitalá,15518
"07083",Chiapas,Socoltenango,19092
"07084",Chiapas,Solosuchiapa,8561
"07085",Chiapas,Soyaló,10890
"07086",Chiapas,Suchiapa,25627
"07087",Chiapas,Suchiate,41672
"07088",Chiapas,Sunuapa,2308
"07089",Chiapas,Tapachula,353706
"07090",Chiapas,Tapalapa,4547
"07120",Chiapas,Capitán Luis Ángel Vidal,4315
"07091",Chiapas,Tapilula,13592
"07092",Chiapas,Tecpatán,21426
"07093",Chiapas,Tenejapa,48162
"07094",Chiapas,Teopisca,49499
"07096",Chiapas,Tila,83505
"07097",Chiapas,Tonalá,91913
"07098",Chiapas,Totolapa,7211
"07099",Chiapas,La Trinitaria,83111
"07100",Chiapas,Tumbalá,38025
"07101",Chiapas,Tuxtla Gutiérrez,604147
"07102",Chiapas,Tuxtla Chico,41024
"07103",Chiapas,Tuzantán,30302
"07104",Chiapas,Tzimol,16560
"07105",Chiapas,Unión Juárez,16008
"07106",Chiapas,Venustiano Carranza,67292
"07107",Chiapas,Villa Corzo,65643
"07108",Chiapas,Villaflores,109536
"07109",Chiapas,Yajalón,40285
"07110",Chiapas,San Lucas,7526
"07111",Chiapas,Zinacantán,45373
"07112",Chiapas,San Juan Cancuc,37948
"07113",Chiapas,Aldama,8480
"07114",Chiapas,Benemérito de las Américas,23603
"07115",Chiapas,Maravilla Tenejapa,14714
"07116",Chiapas,Marqués de Comillas,12892
"07117",Chiapas,Montecristo de Guerrero,8412
"07118",Chiapas,San Andrés Duraznal,6047
"07119",Chiapas,Santiago el Pinar,4959
"07121",Chiapas,Rincón Chamula San Pedro,8718
"07122",Chiapas,El Parral,15587
"07123",Chiapas,Emiliano Zapata,10783
"07124",Chiapas,Mezcalapa,23847
"07125",Chiapas,Honduras de la Sierra,11650
"08001",Chihuahua,Ahumada,14635
"08002",Chihuahua,Aldama,26047
"08003",Chihuahua,Allende,8487
"08004",Chihuahua,Aquiles Serdán,24344
"08005",Chihuahua,Ascensión,26093
"08006",Chihuahua,Bachíniva,5807
"08007",Chihuahua,Balleza,16440
"08008",Chihuahua,Batopilas de Manuel Gómez Morín,11270
"08009",Chihuahua,Bocoyna,23351
"08010",Chihuahua,Buenaventura,25146
"08011",Chihuahua,Camargo,49499
"08012",Chihuahua,Carichí,8113
"08013",Chihuahua,Casas Grandes,11815
"08014",Chihuahua,Coronado,2034
"08015",Chihuahua,Coyame del Sotol,1230
"08016",Chihuahua,La Cruz,3704
"08017",Chihuahua,Cuauhtémoc,180638
"08018",Chihuahua,Cusihuiriachi,5099
"08019",Chihuahua,Chihuahua,937674
"08020",Chihuahua,Chínipas,6222
"08021",Chihuahua,Delicias,150506
"08022",Chihuahua,Dr. Belisario Domínguez,2456
"08023",Chihuahua,Galeana,6656
"08024",Chihuahua,Santa Isabel,3791
"08025",Chihuahua,Gómez Farías,7023
"08026",Chihuahua,Gran Morelos,2448
"08027",Chihuahua,Guachochi,50180
"08028",Chihuahua,Guadalupe,4237
"08029",Chihuahua,Guadalupe y Calvo,50514
"08030",Chihuahua,Guazapares,8196
"08031",Chihuahua,Guerrero,35473
"08032",Chihuahua,Hidalgo del Parral,116662
"08033",Chihuahua,Huejotitán,824
"08034",Chihuahua,Ignacio Zaragoza,5196
"08035",Chihuahua,Janos,11005
"08036",Chihuahua,Jiménez,40859
"08037",Chihuahua,Juárez,1512450
"08038",Chihuahua,Julimes,4980
"08039",Chihuahua,López,4122
"08040",Chihuahua,Madera,25144
"08041",Chihuahua,Maguarichi,1302
"08042",Chihuahua,Manuel Benavides,1178
"08043",Chihuahua,Matachí,2742
"08044",Chihuahua,Matamoros,4314
"08045",Chihuahua,Meoqui,44853
"08046",Chihuahua,Morelos,7266
"08047",Chihuahua,Moris,4447
"08048",Chihuahua,Namiquipa,22712
"08049",Chihuahua,Nonoava,2757
"08050",Chihuahua,Nuevo Casas Grandes,65753
"08051",Chihuahua,Ocampo,8127
"08052",Chihuahua,Ojinaga,24534
"08053",Chihuahua,Praxedis G. Guerrero,5111
"08054",Chihuahua,Riva Palacio,7695
"08055",Chihuahua,Rosales,16776
"08056",Chihuahua,Rosario,2079
"08057",Chihuahua,San Francisco de Borja,2197
"08058",Chihuahua,San Francisco de Conchos,2696
"08059",Chihuahua,San Francisco del Oro,5004
"08060",Chihuahua,Santa Bárbara,11582
"08061",Chihuahua,Satevó,3414
"08062",Chihuahua,Saucillo,29862
"08063",Chihuahua,Temósachic,5320
"08064",Chihuahua,El Tule,1448
"08065",Chihuahua,Urique,17043
"08066",Chihuahua,Uruachi,6512
"08067",Chihuahua,Valle de Zaragoza,4775
"09002",Ciudad de México,Azcapotzalco,432205
"09003",Ciudad de México,Coyoacán,614447
"09004",Ciudad de México,Cuajimalpa de Morelos,217686
"09005",Ciudad de México,Gustavo A. Madero,1173351
"09006",Ciudad de México,Iztacalco,404695
"09007",Ciudad de México,Iztapalapa,1835486
"09008",Ciudad de México,La Magdalena Contreras,247622
"09009",Ciudad de México,Milpa Alta,152685
"09010",Ciudad de México,Álvaro Obregón,759137
"09011",Ciudad de México,Tláhuac,392313
"09012",Ciudad de México,Tlalpan,699928
"09013",Ciudad de México,Xochimilco,442178
"09014",Ciudad de México,Benito Juárez,434153
"09015",Ciudad de México,Cuauhtémoc,545884
"09016",Ciudad de México,Miguel Hidalgo,414470
"09017",Ciudad de México,Venustiano Carranza,443704
"10001",Durango,Canatlán,31454
"10002",Durango,Canelas,4321
"10003",Durango,Coneto de Comonfort,4084
"10004",Durango,Cuencamé,34955
"10005",Durango,Durango,688697
"10006",Durango,General Simón Bolívar,10038
"10007",Durango,Gómez Palacio,372750
"10008",Durango,Guadalupe Victoria,36695
"10009",Durango,Guanaceví,9869
"10010",Durango,Hidalgo,3843
"10011",Durango,Indé,4748
"10012",Durango,Lerdo,163313
"10013",Durango,Mapimí,26932
"10014",Durango,Mezquital,48583
"10015",Durango,Nazas,12894
"10016",Durango,Nombre de Dios,19060
"10017",Durango,Ocampo,8003
"10018",Durango,El Oro,10384
"10019",Durango,Otáez,4924
"10020",Durango,Pánuco de Coronado,12656
"10021",Durango,Peñón Blanco,11118
"10022",Durango,Poanas,25623
"10023",Durango,Pueblo Nuevo,51269
"10024",Durango,Rodeo,12818
"10025",Durango,San Bernardo,2837
"10026",Durango,San Dimas,17333
"10027",Durango,San Juan de Guadalupe,5251
"10028",Durango,San Juan del Río,12013
"10033",Durango,Súchil,6917
"10034",Durango,Tamazula,26300
"10035",Durango,Tepehuanes,11378
"10029",Durango,San Luis del Cordero,2103
"10030",Durango,San Pedro del Gallo,1633
"10031",Durango,Santa Clara,6727
"10032",Durango,Santiago Papasquiaro,49207
"10036",Durango,Tlahualilo,21143
"10037",Durango,Topia,9320
"10038",Durango,Vicente Guerrero,23476
"10039",Durango,Nuevo Ideal,27981
"11001",Guanajuato,Abasolo,92040
"11002",Guanajuato,Acámbaro,108697
"11003",Guanajuato,San Miguel de Allende,174615
"11004",Guanajuato,Apaseo el Alto,63392
"11005",Guanajuato,Apaseo el Grande,117883
"11006",Guanajuato,Atarjea,5296
"11007",Guanajuato,Celaya,521169
"11008",Guanajuato,Manuel Doblado,41240
"11009",Guanajuato,Comonfort,82216
"11010",Guanajuato,Coroneo,11083
"11011",Guanajuato,Cortazar,97928
"11012",Guanajuato,Cuerámaro,30857
"11013",Guanajuato,Doctor Mora,27390
"11014",Guanajuato,Dolores Hidalgo Cuna de la Independencia Nacional,163038
"11015",Guanajuato,Guanajuato,194500
"11016",Guanajuato,Huanímaro,21128
"11017",Guanajuato,Irapuato,592953
"11018",Guanajuato,Jaral del Progreso,38782
"11019",Guanajuato,Jerécuaro,49517
"11020",Guanajuato,León,1721215
"11021",Guanajuato,Moroleón,47261
"11022",Guanajuato,Ocampo,26383
"11023",Guanajuato,Pénjamo,154960
"11024",Guanajuato,Pueblo Nuevo,12403
"11025",Guanajuato,Purísima del Rincón,83842
"11026",Guanajuato,Romita,65766
"11027",Guanajuato,Salamanca,273417
"11028",Guanajuato,Salvatierra,94126
"11029",Guanajuato,San Diego de la Unión,41054
"11030",Guanajuato,San Felipe,119793
"11031",Guanajuato,San Francisco del Rincón,130871
"11032",Guanajuato,San José Iturbide,89558
"11033",Guanajuato,San Luis de la Paz,128536
"11034",Guanajuato,Santa Catarina,5723
"11035",Guanajuato,Santa Cruz de Juventino Rosas,82340
"11036",Guanajuato,Santiago Maravatío,6714
"11037",Guanajuato,Silao de la Victoria,203556
"11038",Guanajuato,Tarandacuao,11304
"11039",Guanajuato,Tarimoro,35905
"11040",Guanajuato,Tierra Blanca,20007
"11041",Guanajuato,Uriangato,61494
"11042",Guanajuato,Valle de Santiago,150054
"11043",Guanajuato,Victoria,21253
"11044",Guanajuato,Villagrán,65791
"11045",Guanajuato,Xichú,11143
"11046",Guanajuato,Yuriria,68741
"12001",Guerrero,Acapulco de Juárez,779566
"12002",Guerrero,Ahuacuotzingo,25205
"12003",Guerrero,Ajuchitlán del Progreso,37655
"12004",Guerrero,Alcozauca de Guerrero,21225
"12005",Guerrero,Alpoyeca,7813
"12006",Guerrero,Apaxtla,11112
"12007",Guerrero,Arcelia,33267
"12008",Guerrero,Atenango del Río,9147
"12009",Guerrero,Atlamajalcingo del Monte,5811
"12010",Guerrero,Atlixtac,28491
"12011",Guerrero,Atoyac de Álvarez,60680
"12012",Guerrero,Ayutla de los Libres,69123
"12013",Guerrero,Azoyú,15099
"12014",Guerrero,Benito Juárez,15442
"12015",Guerrero,Buenavista de Cuéllar,12982
"12016",Guerrero,Coahuayutla de José María Izazaga,12408
"12017",Guerrero,Cocula,15579
"12018",Guerrero,Copala,14463
"12019",Guerrero,Copalillo,15598
"12020",Guerrero,Copanatoyac,21648
"12021",Guerrero,Coyuca de Benítez,73056
"12022",Guerrero,Coyuca de Catalán,38554
"12023",Guerrero,Cuajinicuilapa,26627
"12052",Guerrero,San Luis Acatlán,46270
"12053",Guerrero,San Marcos,50124
"12054",Guerrero,San Miguel Totolapan,24139
"12055",Guerrero,Taxco de Alarcón,105586
"12056",Guerrero,Tecoanapa,46063
"12057",Guerrero,Técpan de Galeana,65237
"12058",Guerrero,Teloloapan,53817
"12059",Guerrero,Tepecoacuilco de Trujano,30806
"12060",Guerrero,Tetipac,13552
"12061",Guerrero,Tixtla de Guerrero,43171
"12062",Guerrero,Tlacoachistlahuaca,22781
"12063",Guerrero,Tlacoapa,10092
"12064",Guerrero,Tlalchapa,11681
"12066",Guerrero,Tlapa de Comonfort,96125
"12067",Guerrero,Tlapehuala,22209
"12068",Guerrero,La Unión de Isidoro Montes de Oca,26349
"12069",Guerrero,Xalpatláhuac,11966
"12070",Guerrero,Xochihuehuetlán,7862
"12071",Guerrero,Xochistlahuaca,29891
"12072",Guerrero,Zapotitlán Tablas,12004
"12073",Guerrero,Zirándaro,18031
"12074",Guerrero,Zitlala,21977
"12075",Guerrero,Eduardo Neri,53126
"12076",Guerrero,Acatepec,40197
"12024",Guerrero,Cualác,7874
"12025",Guerrero,Cuautepec,17024
"12026",Guerrero,Cuetzala del Progreso,8272
"12027",Guerrero,Cutzamala de Pinzón,20537
"12028",Guerrero,Chilapa de Álvarez,123722
"12029",Guerrero,Chilpancingo de los Bravo,283354
"12030",Guerrero,Florencio Villarreal,22250
"12031",Guerrero,General Canuto A. Neri,6278
"12032",Guerrero,General Heliodoro Castillo,37254
"12033",Guerrero,Huamuxtitlán,17488
"12034",Guerrero,Huitzuco de los Figueroa,36593
"12035",Guerrero,Iguala de la Independencia,154173
"12036",Guerrero,Igualapa,11739
"12037",Guerrero,Ixcateopan de Cuauhtémoc,6138
"12038",Guerrero,Zihuatanejo de Azueta,126001
"12039",Guerrero,Juan R. Escudero,26093
"12040",Guerrero,Leonardo Bravo,26357
"12041",Guerrero,Malinaltepec,29625
"12042",Guerrero,Mártir de Cuilapan,18613
"12043",Guerrero,Metlatónoc,18859
"12044",Guerrero,Mochitlán,12402
"12045",Guerrero,Olinalá,28446
"12046",Guerrero,Ometepec,68207
"12047",Guerrero,Pedro Ascencio Alquisiras,7076
"12048",Guerrero,Petatlán,44583
"12049",Guerrero,Pilcaya,12753
"12050",Guerrero,Pungarabato,38482
"12051",Guerrero,Quechultenango,36143
"12065",Guerrero,Tlalixtaquilla de Maldonado,7602
"12077",Guerrero,Marquelia,14280
"12078",Guerrero,Cochoapa el Grande,21241
"12079",Guerrero,José Joaquín de Herrera,18381
"12080",Guerrero,Juchitán,7559
"12081",Guerrero,Iliatenco,11679
"13001",Hidalgo,Acatlán,22268
"13002",Hidalgo,Acaxochitlán,46065
"13003",Hidalgo,Actopan,61002
"13004",Hidalgo,Agua Blanca de Iturbide,10313
"13005",Hidalgo,Ajacuba,18872
"13006",Hidalgo,Alfajayucan,19162
"13007",Hidalgo,Almoloya,12546
"13008",Hidalgo,Apan,46681
"13009",Hidalgo,El Arenal,19836
"13010",Hidalgo,Atitalaquia,31525
"13011",Hidalgo,Atlapexco,19812
"13012",Hidalgo,Atotonilco el Grande,30135
"13013",Hidalgo,Atotonilco de Tula,62470
"13014",Hidalgo,Calnali,16150
"13015",Hidalgo,Cardonal,19431
"13016",Hidalgo,Cuautepec de Hinojosa,60421
"13017",Hidalgo,Chapantongo,12967
"13018",Hidalgo,Chapulhuacán,22903
"13019",Hidalgo,Chilcuautla,18909
"13020",Hidalgo,Eloxochitlán,2593
"13021",Hidalgo,Emiliano Zapata,15175
"13022",Hidalgo,Epazoyucan,16285
"13023",Hidalgo,Francisco I. Madero,36248
"13024",Hidalgo,Huasca de Ocampo,17607
"13025",Hidalgo,Huautla,20673
"13026",Hidalgo,Huazalingo,12766
"13027",Hidalgo,Huehuetla,22846
"13028",Hidalgo,Huejutla de Reyes,126781
"13029",Hidalgo,Huichapan,47425
"13030",Hidalgo,Ixmiquilpan,98654
"13031",Hidalgo,Jacala de Ledezma,12290
"13032",Hidalgo,Jaltocán,10523
"13033",Hidalgo,Juárez Hidalgo,2895
"13034",Hidalgo,Lolotla,9474
"13035",Hidalgo,Metepec,13078
"13036",Hidalgo,San Agustín Metzquititlán,9449
"13037",Hidalgo,Metztitlán,20962
"13038",Hidalgo,Mineral del Chico,8878
"13039",Hidalgo,Mineral del Monte,14324
"13040",Hidalgo,La Misión,9819
"13041",Hidalgo,Mixquiahuala de Juárez,47222
"13042",Hidalgo,Molango de Escamilla,11578
"13043",Hidalgo,Nicolás Flores,6265
"13044",Hidalgo,Nopala de Villagrán,16948
"13045",Hidalgo,Omitlán de Juárez,9295
"13046",Hidalgo,San Felipe Orizatlán,38492
"13047",Hidalgo,Pacula,4748
"13048",Hidalgo,Pachuca de Soto,314331
"13049",Hidalgo,Pisaflores,18723
"13050",Hidalgo,Progreso de Obregón,23641
"13051",Hidalgo,Mineral de la Reforma,202749
"13052",Hidalgo,San Agustín Tlaxiaca,38891
"13053",Hidalgo,San Bartolo Tutotepec,17699
"13054",Hidalgo,San Salvador,36796
"13055",Hidalgo,Santiago de Anaya,18329
"13056",Hidalgo,Santiago Tulantepec de Lugo Guerrero,39561
"13057",Hidalgo,Singuilucan,15142
"13058",Hidalgo,Tasquillo,17441
"13059",Hidalgo,Tecozautla,38010
"13060",Hidalgo,Tenango de Doria,17503
"13061",Hidalgo,Tepeapulco,56245
"13062",Hidalgo,Tepehuacán de Guerrero,31235
"13063",Hidalgo,Tepeji del Río de Ocampo,90546
"13064",Hidalgo,Tepetitlán,10830
"13083",Hidalgo,Zempoala,57906
"13084",Hidalgo,Zimapán,39927
"13065",Hidalgo,Tetepango,11768
"13066",Hidalgo,Villa de Tezontepec,13032
"13067",Hidalgo,Tezontepec de Aldama,55134
"13068",Hidalgo,Tianguistengo,14340
"13069",Hidalgo,Tizayuca,168302
"13070",Hidalgo,Tlahuelilpan,19067
"13071",Hidalgo,Tlahuiltepa,9086
"13072",Hidalgo,Tlanalapa,11113
"13073",Hidalgo,Tlanchinol,37722
"13074",Hidalgo,Tlaxcoapan,28626
"13075",Hidalgo,Tolcayuca,21362
"13076",Hidalgo,Tula de Allende,115107
"13077",Hidalgo,Tulancingo de Bravo,168369
"13078",Hidalgo,Xochiatipan,18260
"13079",Hidalgo,Xochicoatlán,7015
"13080",Hidalgo,Yahualica,24674
"13081",Hidalgo,Zacualtipán de Ángeles,38155
"13082",Hidalgo,Zapotlán de Juárez,21443
"14001",Jalisco,Acatic,23175
"14002",Jalisco,Acatlán de Juárez,25250
"14003",Jalisco,Ahualulco de Mercado,23630
"14004",Jalisco,Amacueca,5743
"14005",Jalisco,Amatitán,16490
"14006",Jalisco,Ameca,60386
"14007",Jalisco,San Juanito de Escobedo,9433
"14008",Jalisco,Arandas,80609
"14009",Jalisco,El Arenal,21115
"14010",Jalisco,Atemajac de Brizuela,7758
"14011",Jalisco,Atengo,5599
"14012",Jalisco,Atenguillo,4176
"14013",Jalisco,Atotonilco el Alto,64009
"14014",Jalisco,Atoyac,8689
"14015",Jalisco,Autlán de Navarro,64931
"14016",Jalisco,Ayotlán,41552
"14017",Jalisco,Ayutla,12880
"14018",Jalisco,La Barca,67937
"14019",Jalisco,Bolaños,7043
"14020",Jalisco,Cabo Corrientes,10940
"14021",Jalisco,Casimiro Castillo,20548
"14022",Jalisco,Cihuatlán,40139
"14023",Jalisco,Zapotlán el Grande,115141
"14024",Jalisco,Cocula,29267
"14025",Jalisco,Colotlán,19689
"14026",Jalisco,Concepción de Buenos Aires,6334
"14027",Jalisco,Cuautitlán de García Barragán,18370
"14028",Jalisco,Cuautla,2166
"14029",Jalisco,Cuquío,17820
"14030",Jalisco,Chapala,55196
"14031",Jalisco,Chimaltitán,3270
"14032",Jalisco,Chiquilistlán,5983
"14033",Jalisco,Degollado,21226
"14034",Jalisco,Ejutla,1981
"14035",Jalisco,Encarnación de Díaz,53039
"14036",Jalisco,Etzatlán,20011
"14037",Jalisco,El Grullo,25920
"14038",Jalisco,Guachinango,4199
"14039",Jalisco,Guadalajara,1385629
"14040",Jalisco,Hostotipaquillo,8732
"14041",Jalisco,Huejúcar,5920
"14042",Jalisco,Huejuquilla el Alto,10015
"14043",Jalisco,La Huerta,23258
"14044",Jalisco,Ixtlahuacán de los Membrillos,67969
"14045",Jalisco,Ixtlahuacán del Río,20465
"14046",Jalisco,Jalostotitlán,32678
"14047",Jalisco,Jamay,24894
"14048",Jalisco,Jesús María,18982
"14049",Jalisco,Jilotlán de los Dolores,9425
"14050",Jalisco,Jocotepec,47105
"14051",Jalisco,Juanacatlán,30855
"14052",Jalisco,Juchitlán,5534
"14053",Jalisco,Lagos de Moreno,172403
"14054",Jalisco,El Limón,5368
"14055",Jalisco,Magdalena,21781
"14056",Jalisco,Santa María del Oro,1815
"14057",Jalisco,La Manzanilla de la Paz,4099
"14058",Jalisco,Mascota,14451
"14059",Jalisco,Mazamitla,14043
"14060",Jalisco,Mexticacán,5307
"14061",Jalisco,Mezquitic,22083
"14062",Jalisco,Mixtlán,3638
"14063",Jalisco,Ocotlán,106050
"14064",Jalisco,Ojuelos de Jalisco,33588
"14065",Jalisco,Pihuamo,11386
"14066",Jalisco,Poncitlán,53659
"14067",Jalisco,Puerto Vallarta,291839
"14068",Jalisco,Villa Purificación,11303
"14069",Jalisco,Quitupan,7734
"14070",Jalisco,El Salto,232852
"14071",Jalisco,San Cristóbal de la Barranca,2924
"14072",Jalisco,San Diego de Alejandría,7609
"14073",Jalisco,San Juan de los Lagos,72230
"14074",Jalisco,San Julián,16792
"14075",Jalisco,San Marcos,3791
"14076",Jalisco,San Martín de Bolaños,3095
"14077",Jalisco,San Martín Hidalgo,28102
"14078",Jalisco,San Miguel el Alto,31965
"14079",Jalisco,Gómez Farías,16431
"14080",Jalisco,San Sebastián del Oeste,5086
"14081",Jalisco,Santa María de los Ángeles,3515
"14082",Jalisco,Sayula,37186
"14083",Jalisco,Tala,87690
"14084",Jalisco,Talpa de Allende,14997
"14085",Jalisco,Tamazula de Gordiano,38955
"14086",Jalisco,Tapalpa,21245
"14087",Jalisco,Tecalitlán,16705
"14088",Jalisco,Tecolotlán,16603
"14089",Jalisco,Techaluta de Montenegro,4072
"14090",Jalisco,Tenamaxtlán,7302
"14091",Jalisco,Teocaltiche,39839
"14092",Jalisco,Teocuitatlán de Corona,11039
"14093",Jalisco,Tepatitlán de Morelos,150190
"14094",Jalisco,Tequila,44353
"14095",Jalisco,Teuchitlán,9647
"14096",Jalisco,Tizapán el Alto,22758
"14097",Jalisco,Tlajomulco de Zúñiga,727750
"14098",Jalisco,San Pedro Tlaquepaque,687127
"14099",Jalisco,Tolimán,11219
"14100",Jalisco,Tomatlán,36316
"14101",Jalisco,Tonalá,569913
"14102",Jalisco,Tonaya,5961
"14103",Jalisco,Tonila,7565
"14104",Jalisco,Totatiche,4180
"14105",Jalisco,Tototlán,23573
"14106",Jalisco,Tuxcacuesco,5482
"14107",Jalisco,Tuxcueca,6702
"14108",Jalisco,Tuxpan,37518
"14109",Jalisco,Unión de San Antonio,19069
"14110",Jalisco,Unión de Tula,13799
"14111",Jalisco,Valle de Guadalupe,6627
"14112",Jalisco,Valle de Juárez,6151
"14113",Jalisco,San Gabriel,16548
"14114",Jalisco,Villa Corona,19063
"14115",Jalisco,Villa Guerrero,5525
"14116",Jalisco,Villa Hidalgo,20088
"14117",Jalisco,Cañadas de Obregón,4388
"14118",Jalisco,Yahualica de González Gallo,22394
"14119",Jalisco,Zacoalco de Torres,30472
"14120",Jalisco,Zapopan,1476491
"14121",Jalisco,Zapotiltic,33713
"14122",Jalisco,Zapotitlán de Vadillo,7466
"14123",Jalisco,Zapotlán del Rey,19279
"14124",Jalisco,Zapotlanejo,64806
"14125",Jalisco,San Ignacio Cerro Gordo,18341
"15001",México,Acambay de Ruíz Castañeda,67872
"15002",México,Acolman,171507
"15003",México,Aculco,49266
"15004",México,Almoloya de Alquisiras,15333
"15005",México,Almoloya de Juárez,174587
"15006",México,Almoloya del Río,12694
"15007",México,Amanalco,23675
"15008",México,Amatepec,25244
"15009",México,Amecameca,53441
"15010",México,Apaxco,31898
"15011",México,Atenco,75489
"15012",México,Atizapán,12984
"15013",México,Atizapán de Zaragoza,523674
"15014",México,Atlacomulco,109384
"15015",México,Atlautla,31900
"15016",México,Axapusco,29128
"15017",México,Ayapango,10053
"15018",México,Calimaya,68489
"15019",México,Capulhuac,36921
"15020",México,Coacalco de Berriozábal,293444
"15021",México,Coatepec Harinas,38643
"15022",México,Cocotitlán,15107
"15023",México,Coyotepec,40885
"15024",México,Cuautitlán,178847
"15025",México,Chalco,400057
"15026",México,Chapa de Mota,31737
"15027",México,Chapultepec,12772
"15028",México,Chiautla,30045
"15029",México,Chicoloapan,200750
"15030",México,Chiconcuac,27692
"15031",México,Chimalhuacán,705193
"15032",México,Donato Guerra,37436
"15033",México,Ecatepec de Morelos,1645352
"15034",México,Ecatzingo,10827
"15035",México,Huehuetoca,163244
"15036",México,Hueypoxtla,46757
"15037",México,Huixquilucan,284965
"15038",México,Isidro Fabela,11929
"15039",México,Ixtapaluca,542211
"15040",México,Ixtapan de la Sal,36911
"15041",México,Ixtapan del Oro,6475
"15042",México,Ixtlahuaca,160139
"15043",México,Xalatlaco,30687
"15044",México,Jaltenco,28217
"15045",México,Jilotepec,87671
"15046",México,Jilotzingo,19877
"15047",México,Jiquipilco,76826
"15048",México,Jocotitlán,69264
"15049",México,Joquicingo,15428
"15050",México,Juchitepec,27116
"15051",México,Lerma,170327
"15052",México,Malinalco,28155
"15069",México,Papalotla,4862
"15070",México,La Paz,304088
"15071",México,Polotitlán,14985
"15072",México,Rayón,15972
"15073",México,San Antonio la Isla,31962
"15074",México,San Felipe del Progreso,144924
"15075",México,San Martín de las Pirámides,29182
"15053",México,Melchor Ocampo,61220
"15054",México,Metepec,242307
"15091",México,Teoloyucan,65459
"15092",México,Teotihuacán,58507
"15093",México,Tepetlaoxtoc,32564
"15094",México,Tepetlixpa,20500
"15095",México,Tepotzotlán,103696
"15096",México,Tequixquiac,39489
"15097",México,Texcaltitlán,18482
"15055",México,Mexicaltzingo,13807
"15056",México,Morelos,33164
"15057",México,Naucalpan de Juárez,834434
"15058",México,Nezahualcóyotl,1077208
"15059",México,Nextlalpan,57082
"15060",México,Nicolás Romero,430601
"15061",México,Nopaltepec,10351
"15062",México,Ocoyoacac,72103
"15063",México,Ocuilan,36223
"15064",México,El Oro,36937
"15065",México,Otumba,36331
"15066",México,Otzoloapan,4891
"15067",México,Otzolotepec,88783
"15068",México,Ozumba,30785
"15102",México,Timilpan,16414
"15103",México,Tlalmanalco,49196
"15104",México,Tlalnepantla de Baz,672202
"15105",México,Tlatlaya,31762
"15106",México,Toluca,910608
"15107",México,Tonatico,12912
"15108",México,Tultepec,157645
"15109",México,Tultitlán,516341
"15110",México,Valle de Bravo,61590
"15111",México,Villa de Allende,53275
"15112",México,Villa del Carbón,51498
"15113",México,Villa Guerrero,69086
"15114",México,Villa Victoria,108196
"15115",México,Xonacatlán,54633
"15116",México,Zacazonapan,5109
"15117",México,Zacualpan,13522
"15118",México,Zinacantepec,203872
"15119",México,Zumpahuacán,18833
"15120",México,Zumpango,280455
"15121",México,Cuautitlán Izcalli,555163
"15076",México,San Mateo Atenco,97418
"15077",México,San Simón de Guerrero,6692
"15078",México,Santo Tomás,9729
"15079",México,Soyaniquilpan de Juárez,14323
"15080",México,Sultepec,24145
"15081",México,Tecámac,547503
"15082",México,Tejupilco,79282
"15122",México,Valle de Chalco Solidaridad,391731
"15123",México,Luvianos,28822
"15124",México,San José del Rincón,100082
"15083",México,Temamatla,14130
"15084",México,Temascalapa,43593
"15085",México,Temascalcingo,66414
"15086",México,Temascaltepec,35014
"15087",México,Temoaya,105766
"15088",México,Tenancingo,104677
"15089",México,Tenango del Aire,11359
"15090",México,Tenango del Valle,90518
"15098",México,Texcalyacac,5736
"15099",México,Texcoco,277562
"15100",México,Tezoyuca,47044
"15101",México,Tianguistenco,84259
"15125",México,Tonanitla,14883
"16001",Michoacán de Ocampo,Acuitzio,11301
"16002",Michoacán de Ocampo,Aguililla,14754
"16003",Michoacán de Ocampo,Álvaro Obregón,23000
"16004",Michoacán de Ocampo,Angamacutiro,14943
"16005",Michoacán de Ocampo,Angangueo,10892
"16006",Michoacán de Ocampo,Apatzingán,126191
"16007",Michoacán de Ocampo,Aporo,3529
"16008",Michoacán de Ocampo,Aquila,24676
"16009",Michoacán de Ocampo,Ario,36268
"16010",Michoacán de Ocampo,Arteaga,20332
"16011",Michoacán de Ocampo,Briseñas,11681
"16012",Michoacán de Ocampo,Buenavista,45538
"16013",Michoacán de Ocampo,Carácuaro,9176
"16014",Michoacán de Ocampo,Coahuayana,17022
"16015",Michoacán de Ocampo,Coalcomán de Vázquez Pallares,19633
"16016",Michoacán de Ocampo,Coeneo,20965
"16017",Michoacán de Ocampo,Contepec,35070
"16018",Michoacán de Ocampo,Copándaro,9484
"16019",Michoacán de Ocampo,Cotija,20198
"16020",Michoacán de Ocampo,Cuitzeo,29910
"16021",Michoacán de Ocampo,Charapan,13539
"16022",Michoacán de Ocampo,Charo,25138
"16031",Michoacán de Ocampo,Epitacio Huerta,16112
"16032",Michoacán de Ocampo,Erongarícuaro,15715
"16033",Michoacán de Ocampo,Gabriel Zamora,21466
"16034",Michoacán de Ocampo,Hidalgo,125712
"16035",Michoacán de Ocampo,La Huacana,30627
"16036",Michoacán de Ocampo,Huandacareo,11644
"16037",Michoacán de Ocampo,Huaniqueo,7945
"16038",Michoacán de Ocampo,Huetamo,41973
"16039",Michoacán de Ocampo,Huiramba,9015
"16040",Michoacán de Ocampo,Indaparapeo,18385
"16041",Michoacán de Ocampo,Irimbo,16043
"16042",Michoacán de Ocampo,Ixtlán,14302
"16043",Michoacán de Ocampo,Jacona,68781
"16044",Michoacán de Ocampo,Jiménez,12946
"16045",Michoacán de Ocampo,Jiquilpan,36158
"16046",Michoacán de Ocampo,Juárez,14936
"16047",Michoacán de Ocampo,Jungapeo,19834
"16048",Michoacán de Ocampo,Lagunillas,5745
"16049",Michoacán de Ocampo,Madero,19086
"16050",Michoacán de Ocampo,Maravatío,89311
"16051",Michoacán de Ocampo,Marcos Castellanos,13983
"16052",Michoacán de Ocampo,Lázaro Cárdenas,196003
"16053",Michoacán de Ocampo,Morelia,849053
"16056",Michoacán de Ocampo,Nahuatzen,32598
"16057",Michoacán de Ocampo,Nocupétaro,8196
"16058",Michoacán de Ocampo,Nuevo Parangaricutiro,20981
"16059",Michoacán de Ocampo,Nuevo Urecho,9027
"16060",Michoacán de Ocampo,Numarán,9437
"16061",Michoacán de Ocampo,Ocampo,24774
"16062",Michoacán de Ocampo,Pajacuarán,21028
"16063",Michoacán de Ocampo,Panindícuaro,14889
"16064",Michoacán de Ocampo,Parácuaro,26832
"16065",Michoacán de Ocampo,Paracho,39657
"16066",Michoacán de Ocampo,Pátzcuaro,98382
"16067",Michoacán de Ocampo,Penjamillo,16621
"16068",Michoacán de Ocampo,Peribán,29389
"16069",Michoacán de Ocampo,La Piedad,106490
"16070",Michoacán de Ocampo,Purépero,15503
"16071",Michoacán de Ocampo,Puruándiro,69260
"16072",Michoacán de Ocampo,Queréndaro,13961
"16073",Michoacán de Ocampo,Quiroga,27176
"16074",Michoacán de Ocampo,Cojumatlán de Régules,10553
"16075",Michoacán de Ocampo,Los Reyes,78935
"16076",Michoacán de Ocampo,Sahuayo,78477
"16077",Michoacán de Ocampo,San Lucas,17677
"16078",Michoacán de Ocampo,Santa Ana Maya,12812
"16079",Michoacán de Ocampo,Salvador Escalante,49896
"16080",Michoacán de Ocampo,Senguio,19833
"16081",Michoacán de Ocampo,Susupuato,9076
"16082",Michoacán de Ocampo,Tacámbaro,79540
"16083",Michoacán de Ocampo,Tancítaro,33453
"16084",Michoacán de Ocampo,Tangamandapio,31716
"16085",Michoacán de Ocampo,Tangancícuaro,35256
"16086",Michoacán de Ocampo,Tanhuato,15534
"16023",Michoacán de Ocampo,Chavinda,10417
"16024",Michoacán de Ocampo,Cherán,20586
"16025",Michoacán de Ocampo,Chilchota,40560
"16026",Michoacán de Ocampo,Chinicuila,4773
"16027",Michoacán de Ocampo,Chucándiro,4944
"16028",Michoacán de Ocampo,Churintzio,5233
"16029",Michoacán de Ocampo,Churumuco,12342
"16030",Michoacán de Ocampo,Ecuandureo,11850
"16054",Michoacán de Ocampo,Morelos,7983
"16055",Michoacán de Ocampo,Múgica,45732
"16087",Michoacán de Ocampo,Taretan,15589
"16088",Michoacán de Ocampo,Tarímbaro,114513
"16089",Michoacán de Ocampo,Tepalcatepec,24074
"16090",Michoacán de Ocampo,Tingambato,16325
"16091",Michoacán de Ocampo,Tingüindín,14934
"16092",Michoacán de Ocampo,Tiquicheo de Nicolás Romero,12836
"16093",Michoacán de Ocampo,Tlalpujahua,28556
"16094",Michoacán de Ocampo,Tlazazalca,6420
"16095",Michoacán de Ocampo,Tocumbo,12325
"16096",Michoacán de Ocampo,Tumbiscatío,5971
"16097",Michoacán de Ocampo,Turicato,29056
"16098",Michoacán de Ocampo,Tuxpan,25757
"16099",Michoacán de Ocampo,Tuzantla,14329
"16100",Michoacán de Ocampo,Tzintzuntzan,14911
"16101",Michoacán de Ocampo,Tzitzio,8855
"16102",Michoacán de Ocampo,Uruapan,356786
"16103",Michoacán de Ocampo,Venustiano Carranza,23469
"16104",Michoacán de Ocampo,Villamar,15864
"16105",Michoacán de Ocampo,Vista Hermosa,20982
"16106",Michoacán de Ocampo,Yurécuaro,32303
"16107",Michoacán de Ocampo,Zacapu,76829
"16108",Michoacán de Ocampo,Zamora,204860
"16109",Michoacán de Ocampo,Zináparo,3232
"16110",Michoacán de Ocampo,Zinapécuaro,49005
"16111",Michoacán de Ocampo,Ziracuaretiro,18402
"16112",Michoacán de Ocampo,Zitácuaro,157056
"16113",Michoacán de Ocampo,José Sixto Verduzco,26213
"17001",Morelos,Amacuzac,17598
"17002",Morelos,Atlatlahucan,25232
"17003",Morelos,Axochiapan,39174
"17004",Morelos,Ayala,89834
"17005",Morelos,Coatlán del Río,10520
"17006",Morelos,Cuautla,187118
"17007",Morelos,Cuernavaca,378476
"17008",Morelos,Emiliano Zapata,107053
"17009",Morelos,Huitzilac,24515
"17010",Morelos,Jantetelco,18402
"17011",Morelos,Jiutepec,215357
"17012",Morelos,Jojutla,57682
"17013",Morelos,Jonacatepec de Leandro Valle,16694
"17014",Morelos,Mazatepec,9653
"17015",Morelos,Miacatlán,15802
"17016",Morelos,Ocuituco,19219
"17017",Morelos,Puente de Ixtla,40018
"17018",Morelos,Temixco,122263
"17019",Morelos,Tepalcingo,28122
"17020",Morelos,Tepoztlán,54987
"17021",Morelos,Tetecala,7617
"17022",Morelos,Tetela del Volcán,14853
"17023",Morelos,Tlalnepantla,7943
"17024",Morelos,Tlaltizapán de Zapata,52399
"17025",Morelos,Tlaquiltenango,33789
"17026",Morelos,Tlayacapan,19408
"17027",Morelos,Totolapan,12750
"17028",Morelos,Xochitepec,73539
"17029",Morelos,Yautepec,105780
"17030",Morelos,Yecapixtla,56083
"17031",Morelos,Zacatepec,36094
"17032",Morelos,Zacualpan de Amilpas,9965
"17033",Morelos,Temoac,16574
"17034",Morelos,Coatetelco,11347
"17035",Morelos,Xoxocotla,27805
"17036",Morelos,Hueyapan,7855
"18001",Nayarit,Acaponeta,37232
"18002",Nayarit,Ahuacatlán,15393
"18003",Nayarit,Amatlán de Cañas,11536
"18004",Nayarit,Compostela,77436
"18005",Nayarit,Huajicori,12230
"18006",Nayarit,Ixtlán del Río,29299
"18007",Nayarit,Jala,19321
"18008",Nayarit,Xalisco,65229
"18009",Nayarit,Del Nayar,47550
"18010",Nayarit,Rosamorada,33567
"18011",Nayarit,Ruíz,24096
"18012",Nayarit,San Blas,41518
"18013",Nayarit,San Pedro Lagunillas,7683
"18014",Nayarit,Santa María del Oro,24911
"18015",Nayarit,Santiago Ixcuintla,93981
"18016",Nayarit,Tecuala,37135
"18017",Nayarit,Tepic,425924
"18018",Nayarit,Tuxpan,30064
"18019",Nayarit,La Yesca,13719
"18020",Nayarit,Bahía de Banderas,187632
"19001",Nuevo León,Abasolo,2974
"19002",Nuevo León,Agualeguas,3382
"19003",Nuevo León,Los Aldamas,1407
"19004",Nuevo León,Allende,35289
"19005",Nuevo León,Anáhuac,18030
"19006",Nuevo León,Apodaca,656464
"19020",Nuevo León,General Bravo,5506
"19021",Nuevo León,General Escobedo,481213
"19022",Nuevo León,General Terán,14109
"19023",Nuevo León,General Treviño,1808
"19024",Nuevo León,General Zaragoza,6282
"19025",Nuevo León,General Zuazua,102149
"19026",Nuevo León,Guadalupe,643143
"19027",Nuevo León,Los Herreras,1959
"19028",Nuevo León,Higueras,1386
"19007",Nuevo León,Aramberri,14992
"19008",Nuevo León,Bustamante,3661
"19009",Nuevo León,Cadereyta Jiménez,122337
"19010",Nuevo León,El Carmen,104478
"19011",Nuevo León,Cerralvo,7340
"19012",Nuevo León,Ciénega de Flores,68747
"19013",Nuevo León,China,9930
"19014",Nuevo León,Doctor Arroyo,36088
"19015",Nuevo León,Doctor Coss,1360
"19016",Nuevo León,Doctor González,3256
"19017",Nuevo León,Galeana,40903
"19018",Nuevo León,García,397205
"19019",Nuevo León,San Pedro Garza García,132169
"19029",Nuevo León,Hualahuises,7026
"19030",Nuevo León,Iturbide,3298
"19031",Nuevo León,Juárez,471523
"19032",Nuevo León,Lampazos de Naranjo,5351
"19033",Nuevo León,Linares,84666
"19034",Nuevo León,Marín,5119
"19035",Nuevo León,Melchor Ocampo,1483
"19036",Nuevo León,Mier y Noriega,7652
"19037",Nuevo León,Mina,6048
"19038",Nuevo León,Montemorelos,67428
"19039",Nuevo León,Monterrey,1142994
"19040",Nuevo León,Parás,906
"19041",Nuevo León,Pesquería,147624
"19042",Nuevo León,Los Ramones,5389
"19043",Nuevo León,Rayones,2377
"19044",Nuevo León,Sabinas Hidalgo,34709
"19045",Nuevo León,Salinas Victoria,86766
"19046",Nuevo León,San Nicolás de los Garza,412199
"19047",Nuevo León,Hidalgo,16086
"19048",Nuevo León,Santa Catarina,306322
"19049",Nuevo León,Santiago,46784
"19050",Nuevo León,Vallecillo,1552
"19051",Nuevo León,Villaldama,3573
"20001",Oaxaca,Abejones,841
"20002",Oaxaca,Acatlán de Pérez Figueroa,45167
"20380",Oaxaca,Santa Cruz Papalutla,2242
"20003",Oaxaca,Asunción Cacalotepec,2547
"20004",Oaxaca,Asunción Cuyotepeji,1107
"20005",Oaxaca,Asunción Ixtaltepec,15261
"20006",Oaxaca,Asunción Nochixtlán,20464
"20007",Oaxaca,Asunción Ocotlán,2395
"20008",Oaxaca,Asunción Tlacolulita,734
"20009",Oaxaca,Ayotzintepec,6857
"20010",Oaxaca,El Barrio de la Soledad,13474
"20011",Oaxaca,Calihualá,1402
"20012",Oaxaca,Candelaria Loxicha,11166
"20014",Oaxaca,Ciudad Ixtepec,28082
"20015",Oaxaca,Coatecas Altas,5356
"20016",Oaxaca,Coicoyán de las Flores,9563
"20013",Oaxaca,Ciénega de Zimatlán,3043
"20021",Oaxaca,Cosolapa,14488
"20017",Oaxaca,La Compañía,3607
"20018",Oaxaca,Concepción Buenavista,752
"20096",Oaxaca,San Andrés Sinaxtla,756
"20019",Oaxaca,Concepción Pápalo,2754
"20020",Oaxaca,Constancia del Rosario,4847
"20022",Oaxaca,Cosoltepec,803
"20023",Oaxaca,Cuilápam de Guerrero,26882
"20097",Oaxaca,San Andrés Solaga,1771
"20098",Oaxaca,San Andrés Teotilálpam,4233
"20024",Oaxaca,Cuyamecalco Villa de Zaragoza,3644
"20025",Oaxaca,Chahuites,11356
"20026",Oaxaca,Chalcatongo de Hidalgo,9035
"20027",Oaxaca,Chiquihuitlán de Benito Juárez,2179
"20028",Oaxaca,Heroica Ciudad de Ejutla de Crespo,23148
"20030",Oaxaca,El Espinal,8730
"20031",Oaxaca,Tamazulápam del Espíritu Santo,7185
"20099",Oaxaca,San Andrés Tepetlapa,381
"20029",Oaxaca,Eloxochitlán de Flores Magón,4215
"20032",Oaxaca,Fresnillo de Trujano,1077
"20049",Oaxaca,Magdalena Ocotlán,1184
"20033",Oaxaca,Guadalupe Etla,2929
"20050",Oaxaca,Magdalena Peñasco,3750
"20034",Oaxaca,Guadalupe de Ramírez,1288
"20035",Oaxaca,Guelatao de Juárez,657
"20036",Oaxaca,Guevea de Humboldt,5256
"20051",Oaxaca,Magdalena Teitipac,4764
"20052",Oaxaca,Magdalena Tequisistlán,5996
"20037",Oaxaca,Mesones Hidalgo,4424
"20106",Oaxaca,San Antonio Acutla,249
"20038",Oaxaca,Villa Hidalgo,1885
"20039",Oaxaca,Heroica Ciudad de Huajuapan de León,78313
"20040",Oaxaca,Huautepec,6385
"20041",Oaxaca,Huautla de Jiménez,31710
"20042",Oaxaca,Ixtlán de Juárez,8385
"20043",Oaxaca,Juchitán de Zaragoza,113570
"20044",Oaxaca,Loma Bonita,40934
"20045",Oaxaca,Magdalena Apasco,7888
"20046",Oaxaca,Magdalena Jaltepec,2943
"20047",Oaxaca,Santa Magdalena Jicotlán,81
"20053",Oaxaca,Magdalena Tlacotepec,1297
"20054",Oaxaca,Magdalena Zahuatlán,404
"20055",Oaxaca,Mariscala de Juárez,3739
"20508",Oaxaca,Santo Domingo Chihuitán,1618
"20048",Oaxaca,Magdalena Mixtepec,1433
"20509",Oaxaca,Santo Domingo de Morelos,11384
"20056",Oaxaca,Mártires de Tacubaya,1446
"20057",Oaxaca,Matías Romero Avendaño,38183
"20058",Oaxaca,Mazatlán Villa de Flores,12722
"20059",Oaxaca,Miahuatlán de Porfirio Díaz,50375
"20062",Oaxaca,Natividad,498
"20060",Oaxaca,Mixistlán de la Reforma,2487
"20061",Oaxaca,Monjas,2893
"20070",Oaxaca,Pinotepa de Don Luis,6416
"20063",Oaxaca,Nazareno Etla,4293
"20064",Oaxaca,Nejapa de Madero,8494
"20069",Oaxaca,La Pe,3052
"20071",Oaxaca,Pluma Hidalgo,3255
"20065",Oaxaca,Ixpantepec Nieves,1079
"20066",Oaxaca,Santiago Niltepec,5342
"20067",Oaxaca,Oaxaca de Juárez,270955
"20068",Oaxaca,Ocotlán de Morelos,23751
"20072",Oaxaca,San José del Progreso,8059
"20073",Oaxaca,Putla Villa de Guerrero,34652
"20074",Oaxaca,Santa Catarina Quioquitani,456
"20075",Oaxaca,Reforma de Pineda,2660
"20076",Oaxaca,La Reforma,3411
"20521",Oaxaca,Santo Domingo Tonaltepec,250
"20077",Oaxaca,Reyes Etla,4370
"20078",Oaxaca,Rojas de Cuauhtémoc,1301
"20081",Oaxaca,San Agustín Atenango,1871
"20079",Oaxaca,Salina Cruz,84438
"20561",Oaxaca,Yaxe,2954
"20080",Oaxaca,San Agustín Amatengo,1593
"20084",Oaxaca,San Agustín Etla,4168
"20085",Oaxaca,San Agustín Loxicha,26194
"20082",Oaxaca,San Agustín Chayuco,4163
"20086",Oaxaca,San Agustín Tlacotepec,1032
"20562",Oaxaca,Magdalena Yodocono de Porfirio Díaz,1682
"20083",Oaxaca,San Agustín de las Juntas,11391
"20568",Oaxaca,Zapotitlán Palmas,1695
"20087",Oaxaca,San Agustín Yatareni,5521
"20088",Oaxaca,San Andrés Cabecera Nueva,2881
"20089",Oaxaca,San Andrés Dinicuiti,2308
"20090",Oaxaca,San Andrés Huaxpaltepec,6234
"20091",Oaxaca,San Andrés Huayápam,6279
"20092",Oaxaca,San Andrés Ixtlahuaca,1776
"20093",Oaxaca,San Andrés Lagunas,518
"20094",Oaxaca,San Andrés Nuxiño,1850
"20095",Oaxaca,San Andrés Paxtlán,4562
"20100",Oaxaca,San Andrés Yaá,393
"20101",Oaxaca,San Andrés Zabache,748
"20112",Oaxaca,San Baltazar Chichicápam,2576
"20113",Oaxaca,San Baltazar Loxicha,3169
"20102",Oaxaca,San Andrés Zautla,5326
"20131",Oaxaca,San Dionisio Ocotepec,11411
"20103",Oaxaca,San Antonino Castillo Velasco,6064
"20104",Oaxaca,San Antonino el Alto,2705
"20105",Oaxaca,San Antonino Monte Verde,7678
"20107",Oaxaca,San Antonio de la Cal,26282
"20108",Oaxaca,San Antonio Huitepec,2936
"20109",Oaxaca,San Antonio Nanahuatípam,1232
"20110",Oaxaca,San Antonio Sinicahua,1668
"20111",Oaxaca,San Antonio Tepetlapa,4873
"20114",Oaxaca,San Baltazar Yatzachi el Bajo,674
"20115",Oaxaca,San Bartolo Coyotepec,10391
"20116",Oaxaca,San Bartolomé Ayautla,4131
"20117",Oaxaca,San Bartolomé Loxicha,2213
"20118",Oaxaca,San Bartolomé Quialana,2389
"20119",Oaxaca,San Bartolomé Yucuañe,735
"20120",Oaxaca,San Bartolomé Zoogocho,449
"20121",Oaxaca,San Bartolo Soyaltepec,596
"20122",Oaxaca,San Bartolo Yautepec,653
"20123",Oaxaca,San Bernardo Mixtepec,2829
"20124",Oaxaca,San Blas Atempa,19696
"20125",Oaxaca,San Carlos Yautepec,11662
"20199",Oaxaca,San Juan Ihualtepec,494
"20126",Oaxaca,San Cristóbal Amatlán,5396
"20127",Oaxaca,San Cristóbal Amoltepec,1252
"20204",Oaxaca,San Juan Lajarcia,634
"20205",Oaxaca,San Juan Lalana,16989
"20128",Oaxaca,San Cristóbal Lachirioag,1342
"20129",Oaxaca,San Cristóbal Suchixtlahuaca,356
"20130",Oaxaca,San Dionisio del Mar,5180
"20132",Oaxaca,San Dionisio Ocotlán,1380
"20133",Oaxaca,San Esteban Atatlahuca,3934
"20134",Oaxaca,San Felipe Jalapa de Díaz,28500
"20135",Oaxaca,San Felipe Tejalápam,8231
"20136",Oaxaca,San Felipe Usila,12191
"20137",Oaxaca,San Francisco Cahuacuá,3450
"20138",Oaxaca,San Francisco Cajonos,451
"20139",Oaxaca,San Francisco Chapulapa,2195
"20142",Oaxaca,San Francisco Huehuetlán,842
"20143",Oaxaca,San Francisco Ixhuatán,9461
"20140",Oaxaca,San Francisco Chindúa,812
"20141",Oaxaca,San Francisco del Mar,8710
"20144",Oaxaca,San Francisco Jaltepetongo,1075
"20145",Oaxaca,San Francisco Lachigoló,5215
"20152",Oaxaca,San Francisco Tlapancingo,2472
"20153",Oaxaca,San Gabriel Mixtepec,4910
"20154",Oaxaca,San Ildefonso Amatlán,2329
"20155",Oaxaca,San Ildefonso Sola,1060
"20156",Oaxaca,San Ildefonso Villa Alta,3677
"20146",Oaxaca,San Francisco Logueche,2803
"20147",Oaxaca,San Francisco Nuxaño,376
"20148",Oaxaca,San Francisco Ozolotepec,2182
"20149",Oaxaca,San Francisco Sola,2019
"20150",Oaxaca,San Francisco Telixtlahuaca,13856
"20151",Oaxaca,San Francisco Teopan,312
"20157",Oaxaca,San Jacinto Amilpas,16827
"20160",Oaxaca,San Jerónimo Silacayoapilla,1429
"20161",Oaxaca,San Jerónimo Sosola,2730
"20158",Oaxaca,San Jacinto Tlacotepec,2233
"20159",Oaxaca,San Jerónimo Coatlán,5537
"20162",Oaxaca,San Jerónimo Taviche,2046
"20163",Oaxaca,San Jerónimo Tecóatl,1577
"20164",Oaxaca,San Jorge Nuchita,2881
"20172",Oaxaca,San Juan Achiutla,408
"20165",Oaxaca,San José Ayuquila,1629
"20166",Oaxaca,San José Chiltepec,11310
"20167",Oaxaca,San José del Peñasco,2149
"20168",Oaxaca,San José Estancia Grande,938
"20169",Oaxaca,San José Independencia,4251
"20170",Oaxaca,San José Lachiguiri,3700
"20171",Oaxaca,San José Tenango,18102
"20173",Oaxaca,San Juan Atepec,1457
"20174",Oaxaca,Ánimas Trujano,4564
"20175",Oaxaca,San Juan Bautista Atatlahuca,1424
"20187",Oaxaca,San Juan Coatzóspam,1808
"20176",Oaxaca,San Juan Bautista Coixtlahuaca,2725
"20177",Oaxaca,San Juan Bautista Cuicatlán,10365
"20188",Oaxaca,San Juan Colorado,9609
"20178",Oaxaca,San Juan Bautista Guelache,6692
"20179",Oaxaca,San Juan Bautista Jayacatlán,1447
"20180",Oaxaca,San Juan Bautista Lo de Soto,2344
"20191",Oaxaca,San Juan Chicomezúchil,296
"20181",Oaxaca,San Juan Bautista Suchitepec,453
"20196",Oaxaca,San Juan Evangelista Analco,407
"20182",Oaxaca,San Juan Bautista Tlacoatzintepec,2181
"20197",Oaxaca,San Juan Guelavía,3288
"20198",Oaxaca,San Juan Guichicovi,29802
"20183",Oaxaca,San Juan Bautista Tlachichilco,1475
"20184",Oaxaca,San Juan Bautista Tuxtepec,159452
"20185",Oaxaca,San Juan Cacahuatepec,8939
"20186",Oaxaca,San Juan Cieneguilla,524
"20189",Oaxaca,San Juan Comaltepec,3116
"20190",Oaxaca,San Juan Cotzocón,22444
"20192",Oaxaca,San Juan Chilateca,1522
"20193",Oaxaca,San Juan del Estado,2807
"20480",Oaxaca,Santiago Nundiche,1351
"20194",Oaxaca,San Juan del Río,1372
"20195",Oaxaca,San Juan Diuxi,1056
"20200",Oaxaca,San Juan Juquila Mixes,3703
"20481",Oaxaca,Santiago Nuyoó,1898
"20482",Oaxaca,Santiago Pinotepa Nacional,55840
"20201",Oaxaca,San Juan Juquila Vijanos,1880
"20202",Oaxaca,San Juan Lachao,4577
"20203",Oaxaca,San Juan Lachigalla,3538
"20206",Oaxaca,San Juan de los Cués,2421
"20207",Oaxaca,San Juan Mazatlán,19032
"20210",Oaxaca,San Juan Ñumí,5773
"20211",Oaxaca,San Juan Ozolotepec,3411
"20212",Oaxaca,San Juan Petlapa,3117
"20213",Oaxaca,San Juan Quiahije,4203
"20214",Oaxaca,San Juan Quiotepec,2033
"20208",Oaxaca,San Juan Mixtepec,6941
"20209",Oaxaca,San Juan Mixtepec,607
"20493",Oaxaca,Santiago Tillo,545
"20215",Oaxaca,San Juan Sayultepec,879
"20218",Oaxaca,San Juan Teita,544
"20284",Oaxaca,San Miguel Tilquiápam,3141
"20216",Oaxaca,San Juan Tabaá,1241
"20217",Oaxaca,San Juan Tamazola,3325
"20219",Oaxaca,San Juan Teitipac,2668
"20220",Oaxaca,San Juan Tepeuxila,2692
"20221",Oaxaca,San Juan Teposcolula,1494
"20222",Oaxaca,San Juan Yaeé,1426
"20223",Oaxaca,San Juan Yatzona,440
"20233",Oaxaca,San Lucas Quiaviní,1720
"20224",Oaxaca,San Juan Yucuita,643
"20238",Oaxaca,San Martín de los Cansecos,994
"20497",Oaxaca,Santiago Yaitepec,4233
"20498",Oaxaca,Santiago Yaveo,7593
"20225",Oaxaca,San Lorenzo,5903
"20248",Oaxaca,San Mateo del Mar,15571
"20226",Oaxaca,San Lorenzo Albarradas,2971
"20227",Oaxaca,San Lorenzo Cacaotepec,18339
"20228",Oaxaca,San Lorenzo Cuaunecuiltitla,833
"20229",Oaxaca,San Lorenzo Texmelúcan,9148
"20230",Oaxaca,San Lorenzo Victoria,932
"20231",Oaxaca,San Lucas Camotlán,3187
"20232",Oaxaca,San Lucas Ojitlán,22185
"20234",Oaxaca,San Lucas Zoquiápam,7163
"20235",Oaxaca,San Luis Amatlán,3829
"20236",Oaxaca,San Marcial Ozolotepec,1372
"20237",Oaxaca,San Marcos Arteaga,1568
"20239",Oaxaca,San Martín Huamelúlpam,1000
"20249",Oaxaca,San Mateo Yoloxochitlán,3831
"20240",Oaxaca,San Martín Itunyoso,2749
"20241",Oaxaca,San Martín Lachilá,1034
"20242",Oaxaca,San Martín Peras,12436
"20243",Oaxaca,San Martín Tilcajete,1975
"20244",Oaxaca,San Martín Toxpalan,3934
"20260",Oaxaca,San Miguel Aloápam,2191
"20261",Oaxaca,San Miguel Amatitlán,6932
"20262",Oaxaca,San Miguel Amatlán,991
"20245",Oaxaca,San Martín Zacatepec,1324
"20246",Oaxaca,San Mateo Cajonos,611
"20263",Oaxaca,San Miguel Coatlán,3184
"20247",Oaxaca,Capulálpam de Méndez,1619
"20264",Oaxaca,San Miguel Chicahua,2169
"20250",Oaxaca,San Mateo Etlatongo,1239
"20251",Oaxaca,San Mateo Nejápam,1217
"20265",Oaxaca,San Miguel Chimalapa,6711
"20266",Oaxaca,San Miguel del Puerto,8551
"20267",Oaxaca,San Miguel del Río,245
"20252",Oaxaca,San Mateo Peñasco,2384
"20253",Oaxaca,San Mateo Piñas,2021
"20254",Oaxaca,San Mateo Río Hondo,3207
"20255",Oaxaca,San Mateo Sindihui,1977
"20256",Oaxaca,San Mateo Tlapiltepec,229
"20276",Oaxaca,San Miguel Santa Flor,691
"20277",Oaxaca,Villa Sola de Vega,12350
"20257",Oaxaca,San Melchor Betaza,1052
"20278",Oaxaca,San Miguel Soyaltepec,38682
"20279",Oaxaca,San Miguel Suchixtepec,2932
"20258",Oaxaca,San Miguel Achiutla,698
"20259",Oaxaca,San Miguel Ahuehuetitlán,2142
"20268",Oaxaca,San Miguel Ejutla,1149
"20281",Oaxaca,San Miguel Tecomatlán,305
"20269",Oaxaca,San Miguel el Grande,4313
"20270",Oaxaca,San Miguel Huautla,1311
"20271",Oaxaca,San Miguel Mixtepec,3194
"20272",Oaxaca,San Miguel Panixtlahuaca,6252
"20273",Oaxaca,San Miguel Peras,3818
"20274",Oaxaca,San Miguel Piedras,1328
"20275",Oaxaca,San Miguel Quetzaltepec,7286
"20280",Oaxaca,Villa Talea de Castro,2011
"20282",Oaxaca,San Miguel Tenango,653
"20283",Oaxaca,San Miguel Tequixtepec,1044
"20285",Oaxaca,San Miguel Tlacamama,3668
"20502",Oaxaca,Santiago Zacatepec,5089
"20286",Oaxaca,San Miguel Tlacotepec,3100
"20287",Oaxaca,San Miguel Tulancingo,307
"20288",Oaxaca,San Miguel Yotao,585
"20503",Oaxaca,Santiago Zoochila,425
"20289",Oaxaca,San Nicolás,1214
"20290",Oaxaca,San Nicolás Hidalgo,1043
"20291",Oaxaca,San Pablo Coatlán,4308
"20292",Oaxaca,San Pablo Cuatro Venados,1510
"20293",Oaxaca,San Pablo Etla,17116
"20294",Oaxaca,San Pablo Huitzo,7035
"20295",Oaxaca,San Pablo Huixtepec,10020
"20299",Oaxaca,San Pablo Yaganiza,1125
"20296",Oaxaca,San Pablo Macuiltianguis,955
"20297",Oaxaca,San Pablo Tijaltepec,2751
"20298",Oaxaca,San Pablo Villa de Mitla,13587
"20304",Oaxaca,San Pedro Coxcaltepec Cántaros,716
"20300",Oaxaca,San Pedro Amuzgos,6632
"20311",Oaxaca,San Pedro Jaltepetongo,483
"20301",Oaxaca,San Pedro Apóstol,1594
"20323",Oaxaca,San Pedro Ocotepec,2404
"20324",Oaxaca,San Pedro Pochutla,48204
"20302",Oaxaca,San Pedro Atoyac,4559
"20303",Oaxaca,San Pedro Cajonos,1081
"20305",Oaxaca,San Pedro Comitancillo,4333
"20306",Oaxaca,San Pedro el Alto,4654
"20331",Oaxaca,San Pedro Tidaá,982
"20332",Oaxaca,San Pedro Topiltepec,373
"20307",Oaxaca,San Pedro Huamelula,9735
"20308",Oaxaca,San Pedro Huilotepec,3307
"20309",Oaxaca,San Pedro Ixcatlán,10368
"20310",Oaxaca,San Pedro Ixtlahuaca,14552
"20312",Oaxaca,San Pedro Jicayán,11279
"20313",Oaxaca,San Pedro Jocotipac,730
"20314",Oaxaca,San Pedro Juchatengo,1755
"20333",Oaxaca,San Pedro Totolápam,3294
"20334",Oaxaca,Villa de Tututepec,50541
"20315",Oaxaca,San Pedro Mártir,1899
"20316",Oaxaca,San Pedro Mártir Quiechapa,738
"20317",Oaxaca,San Pedro Mártir Yucuxaco,1257
"20318",Oaxaca,San Pedro Mixtepec,49780
"20408",Oaxaca,Santa María del Rosario,499
"20319",Oaxaca,San Pedro Mixtepec,972
"20320",Oaxaca,San Pedro Molinos,706
"20321",Oaxaca,San Pedro Nopala,751
"20322",Oaxaca,San Pedro Ocopetatillo,786
"20418",Oaxaca,Santa María Jalapa del Marqués,11735
"20325",Oaxaca,San Pedro Quiatoni,11930
"20360",Oaxaca,Santa Ana Zegache,3981
"20326",Oaxaca,San Pedro Sochiápam,5052
"20327",Oaxaca,San Pedro Tapanatepec,15479
"20328",Oaxaca,San Pedro Taviche,1441
"20329",Oaxaca,San Pedro Teozacoalco,1153
"20330",Oaxaca,San Pedro Teutila,4296
"20335",Oaxaca,San Pedro Yaneri,867
"20419",Oaxaca,Santa María Jaltianguis,592
"20336",Oaxaca,San Pedro Yólox,1697
"20337",Oaxaca,San Pedro y San Pablo Ayutla,5616
"20338",Oaxaca,Villa de Etla,10361
"20339",Oaxaca,San Pedro y San Pablo Teposcolula,4353
"20340",Oaxaca,San Pedro y San Pablo Tequixtepec,1747
"20341",Oaxaca,San Pedro Yucunama,241
"20342",Oaxaca,San Raymundo Jalpan,4105
"20343",Oaxaca,San Sebastián Abasolo,1999
"20344",Oaxaca,San Sebastián Coatlán,2809
"20346",Oaxaca,San Sebastián Nicananduta,1542
"20345",Oaxaca,San Sebastián Ixcapa,4188
"20356",Oaxaca,Santa Ana del Valle,2179
"20357",Oaxaca,Santa Ana Tavela,848
"20347",Oaxaca,San Sebastián Río Hondo,4202
"20348",Oaxaca,San Sebastián Tecomaxtlahuaca,8192
"20349",Oaxaca,San Sebastián Teitipac,2189
"20359",Oaxaca,Santa Ana Yareni,637
"20367",Oaxaca,Santa Catarina Mechoacán,4582
"20350",Oaxaca,San Sebastián Tutla,16878
"20351",Oaxaca,San Simón Almolongas,2802
"20368",Oaxaca,Santa Catarina Minas,2067
"20352",Oaxaca,San Simón Zahuatlán,4940
"20353",Oaxaca,Santa Ana,2406
"20354",Oaxaca,Santa Ana Ateixtlahuaca,477
"20355",Oaxaca,Santa Ana Cuauhtémoc,681
"20358",Oaxaca,Santa Ana Tlapacoyan,1958
"20361",Oaxaca,Santa Catalina Quierí,825
"20362",Oaxaca,Santa Catarina Cuixtla,1495
"20363",Oaxaca,Santa Catarina Ixtepeji,2675
"20364",Oaxaca,Santa Catarina Juquila,18654
"20365",Oaxaca,Santa Catarina Lachatao,1059
"20366",Oaxaca,Santa Catarina Loxicha,3676
"20369",Oaxaca,Santa Catarina Quiané,2193
"20373",Oaxaca,Santa Catarina Zapoquila,403
"20370",Oaxaca,Santa Catarina Tayata,662
"20371",Oaxaca,Santa Catarina Ticuá,986
"20372",Oaxaca,Santa Catarina Yosonotú,1316
"20374",Oaxaca,Santa Cruz Acatepec,1645
"20379",Oaxaca,Santa Cruz Nundaco,2951
"20375",Oaxaca,Santa Cruz Amilpas,13200
"20376",Oaxaca,Santa Cruz de Bravo,365
"20377",Oaxaca,Santa Cruz Itundujia,10860
"20378",Oaxaca,Santa Cruz Mixtepec,3720
"20381",Oaxaca,Santa Cruz Tacache de Mina,2940
"20382",Oaxaca,Santa Cruz Tacahua,1182
"20383",Oaxaca,Santa Cruz Tayata,595
"20420",Oaxaca,Santa María Lachixío,1679
"20384",Oaxaca,Santa Cruz Xitla,4794
"20385",Oaxaca,Santa Cruz Xoxocotlán,100402
"20386",Oaxaca,Santa Cruz Zenzontepec,19079
"20387",Oaxaca,Santa Gertrudis,2891
"20421",Oaxaca,Santa María Mixtequilla,4690
"20388",Oaxaca,Santa Inés del Monte,2809
"20389",Oaxaca,Santa Inés Yatzeche,908
"20422",Oaxaca,Santa María Nativitas,603
"20423",Oaxaca,Santa María Nduayaco,453
"20424",Oaxaca,Santa María Ozolotepec,3793
"20390",Oaxaca,Santa Lucía del Camino,50362
"20391",Oaxaca,Santa Lucía Miahuatlán,3375
"20430",Oaxaca,Santa María Tataltepec,317
"20392",Oaxaca,Santa Lucía Monteverde,6726
"20393",Oaxaca,Santa Lucía Ocotlán,4173
"20394",Oaxaca,Santa María Alotepec,2796
"20395",Oaxaca,Santa María Apazco,1629
"20396",Oaxaca,Santa María la Asunción,3259
"20397",Oaxaca,Heroica Ciudad de Tlaxiaco,40123
"20398",Oaxaca,Ayoquezco de Aldama,4874
"20399",Oaxaca,Santa María Atzompa,41921
"20400",Oaxaca,Santa María Camotlán,1713
"20401",Oaxaca,Santa María Colotepec,27046
"20402",Oaxaca,Santa María Cortijo,1067
"20432",Oaxaca,Santa María Temaxcalapa,903
"20403",Oaxaca,Santa María Coyotepec,3751
"20404",Oaxaca,Santa María Chachoápam,761
"20435",Oaxaca,Santa María Tepantlali,3576
"20436",Oaxaca,Santa María Texcatitlán,896
"20437",Oaxaca,Santa María Tlahuitoltepec,9653
"20405",Oaxaca,Villa de Chilapa de Díaz,1815
"20406",Oaxaca,Santa María Chilchotla,21469
"20407",Oaxaca,Santa María Chimalapa,9578
"20409",Oaxaca,Santa María del Tule,8939
"20410",Oaxaca,Santa María Ecatepec,3418
"20411",Oaxaca,Santa María Guelacé,908
"20412",Oaxaca,Santa María Guienagati,3178
"20413",Oaxaca,Santa María Huatulco,50862
"20414",Oaxaca,Santa María Huazolotitlán,11995
"20415",Oaxaca,Santa María Ipalapa,4878
"20416",Oaxaca,Santa María Ixcatlán,461
"20417",Oaxaca,Santa María Jacatepec,9682
"20425",Oaxaca,Santa María Pápalo,2058
"20426",Oaxaca,Santa María Peñoles,8967
"20427",Oaxaca,Santa María Petapa,16706
"20428",Oaxaca,Santa María Quiegolani,2224
"20429",Oaxaca,Santa María Sola,1516
"20431",Oaxaca,Santa María Tecomavaca,1830
"20433",Oaxaca,Santa María Temaxcaltepec,2694
"20442",Oaxaca,Santa María Yalina,250
"20434",Oaxaca,Santa María Teopoxco,3985
"20438",Oaxaca,Santa María Tlalixtac,1839
"20439",Oaxaca,Santa María Tonameca,25347
"20440",Oaxaca,Santa María Totolapilla,812
"20441",Oaxaca,Santa María Xadani,9234
"20451",Oaxaca,Santiago Apoala,1019
"20443",Oaxaca,Santa María Yavesía,434
"20456",Oaxaca,Santiago Cacaloxtepec,1667
"20457",Oaxaca,Santiago Camotlán,3346
"20444",Oaxaca,Santa María Yolotepec,481
"20445",Oaxaca,Santa María Yosoyúa,1699
"20446",Oaxaca,Santa María Yucuhiti,6008
"20447",Oaxaca,Santa María Zacatepec,17100
"20448",Oaxaca,Santa María Zaniza,2469
"20449",Oaxaca,Santa María Zoquitlán,3294
"20450",Oaxaca,Santiago Amoltepec,13855
"20452",Oaxaca,Santiago Apóstol,4421
"20462",Oaxaca,Santiago Huajolotitlán,4600
"20453",Oaxaca,Santiago Astata,3918
"20471",Oaxaca,Santiago Lalopa,431
"20454",Oaxaca,Santiago Atitlán,3556
"20455",Oaxaca,Santiago Ayuquililla,2904
"20458",Oaxaca,Santiago Comaltepec,1157
"20459",Oaxaca,Villa de Santiago Chazumba,4877
"20460",Oaxaca,Santiago Choápam,5242
"20461",Oaxaca,Santiago del Río,527
"20463",Oaxaca,Santiago Huauclilla,525
"20464",Oaxaca,Santiago Ihuitlán Plumas,341
"20465",Oaxaca,Santiago Ixcuintepec,1636
"20466",Oaxaca,Santiago Ixtayutla,13880
"20467",Oaxaca,Santiago Jamiltepec,19112
"20468",Oaxaca,Santiago Jocotepec,14198
"20469",Oaxaca,Santiago Juxtlahuaca,34735
"20470",Oaxaca,Santiago Lachiguiri,4394
"20472",Oaxaca,Santiago Laollaga,3361
"20473",Oaxaca,Santiago Laxopa,1291
"20474",Oaxaca,Santiago Llano Grande,3440
"20510",Oaxaca,Santo Domingo Ixcatlán,760
"20511",Oaxaca,Santo Domingo Nuxaá,3335
"20475",Oaxaca,Santiago Matatlán,10175
"20478",Oaxaca,Santiago Nacaltepec,1599
"20476",Oaxaca,Santiago Miltepec,421
"20477",Oaxaca,Santiago Minas,1327
"20479",Oaxaca,Santiago Nejapilla,174
"20483",Oaxaca,Santiago Suchilquitongo,10886
"20484",Oaxaca,Santiago Tamazola,4458
"20485",Oaxaca,Santiago Tapextla,3134
"20486",Oaxaca,Villa Tejúpam de la Unión,2419
"20487",Oaxaca,Santiago Tenango,1966
"20488",Oaxaca,Santiago Tepetlapa,130
"20514",Oaxaca,Santo Domingo Roayaga,941
"20515",Oaxaca,Santo Domingo Tehuantepec,67739
"20516",Oaxaca,Santo Domingo Teojomulco,5260
"20517",Oaxaca,Santo Domingo Tepuxtepec,6029
"20489",Oaxaca,Santiago Tetepec,4909
"20490",Oaxaca,Santiago Texcalcingo,2974
"20491",Oaxaca,Santiago Textitlán,4930
"20492",Oaxaca,Santiago Tilantongo,2764
"20494",Oaxaca,Santiago Tlazoyaltepec,6300
"20495",Oaxaca,Santiago Xanica,3029
"20496",Oaxaca,Santiago Xiacuí,1893
"20499",Oaxaca,Santiago Yolomécatl,1922
"20500",Oaxaca,Santiago Yosondúa,7991
"20504",Oaxaca,Nuevo Zoquiápam,1590
"20501",Oaxaca,Santiago Yucuyachi,998
"20505",Oaxaca,Santo Domingo Ingenio,7681
"20506",Oaxaca,Santo Domingo Albarradas,798
"20507",Oaxaca,Santo Domingo Armenta,3155
"20512",Oaxaca,Santo Domingo Ozolotepec,1101
"20513",Oaxaca,Santo Domingo Petapa,9027
"20518",Oaxaca,Santo Domingo Tlatayápam,113
"20519",Oaxaca,Santo Domingo Tomaltepec,3386
"20520",Oaxaca,Santo Domingo Tonalá,7393
"20522",Oaxaca,Santo Domingo Xagacía,1205
"20523",Oaxaca,Santo Domingo Yanhuitlán,1633
"20524",Oaxaca,Santo Domingo Yodohino,327
"20525",Oaxaca,Santo Domingo Zanatepec,12483
"20526",Oaxaca,Santos Reyes Nopala,16688
"20535",Oaxaca,San Vicente Lachixío,3227
"20527",Oaxaca,Santos Reyes Pápalo,2490
"20528",Oaxaca,Santos Reyes Tepejillo,904
"20529",Oaxaca,Santos Reyes Yucuná,1474
"20536",Oaxaca,San Vicente Nuñú,449
"20537",Oaxaca,Silacayoápam,6710
"20530",Oaxaca,Santo Tomás Jalieza,3923
"20531",Oaxaca,Santo Tomás Mazaltepec,2612
"20532",Oaxaca,Santo Tomás Ocotepec,4066
"20533",Oaxaca,Santo Tomás Tamazulapan,2726
"20534",Oaxaca,San Vicente Coatlán,3512
"20541",Oaxaca,Tanetze de Zaragoza,1558
"20538",Oaxaca,Sitio de Xitlapehua,713
"20544",Oaxaca,Teococuilco de Marcos Pérez,1032
"20539",Oaxaca,Soledad Etla,6348
"20540",Oaxaca,Villa de Tamazulápam del Progreso,8326
"20542",Oaxaca,Taniche,887
"20543",Oaxaca,Tataltepec de Valdés,6386
"20545",Oaxaca,Teotitlán de Flores Magón,10099
"20546",Oaxaca,Teotitlán del Valle,6392
"20547",Oaxaca,Teotongo,1005
"20548",Oaxaca,Tepelmeme Villa de Morelos,1960
"20549",Oaxaca,"Heroica Villa Tezoatlán de Segura y Luna, Cuna de la Independencia de Oaxaca",11465
"20550",Oaxaca,San Jerónimo Tlacochahuaya,5764
"20569",Oaxaca,Santa Inés de Zaragoza,1454
"20570",Oaxaca,Zimatlán de Álvarez,22093
"20551",Oaxaca,Tlacolula de Matamoros,30254
"20552",Oaxaca,Tlacotepec Plumas,410
"20553",Oaxaca,Tlalixtac de Cabrera,12067
"20554",Oaxaca,Totontepec Villa de Morelos,5904
"20555",Oaxaca,Trinidad Zaachila,3419
"20556",Oaxaca,La Trinidad Vista Hermosa,306
"20558",Oaxaca,Valerio Trujano,1376
"20559",Oaxaca,San Juan Bautista Valle Nacional,23067
"20560",Oaxaca,Villa Díaz Ordaz,6467
"20557",Oaxaca,Unión Hidalgo,14542
"20563",Oaxaca,Yogana,1245
"20564",Oaxaca,Yutanduchi de Guerrero,1195
"20565",Oaxaca,Villa de Zaachila,46464
"20566",Oaxaca,San Mateo Yucutindoo,3144
"20567",Oaxaca,Zapotitlán Lagunas,3382
"21001",Puebla,Acajete,72894
"21002",Puebla,Acateno,9170
"21003",Puebla,Acatlán,37955
"21004",Puebla,Acatzingo,63743
"21005",Puebla,Acteopan,3070
"21006",Puebla,Ahuacatlán,14542
"21007",Puebla,Ahuatlán,3162
"21008",Puebla,Ahuazotepec,11439
"21009",Puebla,Ahuehuetitla,2207
"21010",Puebla,Ajalpan,74768
"21011",Puebla,Albino Zertuche,1885
"21012",Puebla,Aljojuca,6591
"21013",Puebla,Altepexi,22629
"21014",Puebla,Amixtlán,4812
"21015",Puebla,Amozoc,125876
"21016",Puebla,Aquixtla,9021
"21017",Puebla,Atempan,29742
"21018",Puebla,Atexcal,3859
"21019",Puebla,Atlixco,141793
"21020",Puebla,Atoyatempan,7704
"21021",Puebla,Atzala,1512
"21022",Puebla,Atzitzihuacán,12857
"21023",Puebla,Atzitzintla,9051
"21024",Puebla,Axutla,976
"21025",Puebla,Ayotoxco de Guerrero,8208
"21026",Puebla,Calpan,15271
"21027",Puebla,Caltepec,4128
"21053",Puebla,Chignahuapan,66464
"21028",Puebla,Camocuautla,2758
"21029",Puebla,Caxhuacan,3811
"21054",Puebla,Chignautla,35223
"21055",Puebla,Chila,5082
"21056",Puebla,Chila de la Sal,1317
"21057",Puebla,Honey,6687
"21058",Puebla,Chilchotla,21002
"21059",Puebla,Chinantla,2846
"21030",Puebla,Coatepec,772
"21031",Puebla,Coatzingo,2820
"21032",Puebla,Cohetzala,1382
"21033",Puebla,Cohuecan,5403
"21060",Puebla,Domingo Arenas,7982
"21061",Puebla,Eloxochitlán,14461
"21034",Puebla,Coronango,46836
"21035",Puebla,Coxcatlán,20653
"21036",Puebla,Coyomeapan,14806
"21037",Puebla,Coyotepec,2334
"21062",Puebla,Epatlán,4943
"21063",Puebla,Esperanza,14766
"21038",Puebla,Cuapiaxtla de Madero,10542
"21039",Puebla,Cuautempan,9837
"21040",Puebla,Cuautinchán,12340
"21041",Puebla,Cuautlancingo,137435
"21042",Puebla,Cuayuca de Andrade,3315
"21043",Puebla,Cuetzalan del Progreso,49864
"21044",Puebla,Cuyoaco,17139
"21045",Puebla,Chalchicomula de Sesma,47410
"21046",Puebla,Chapulco,8193
"21047",Puebla,Chiautla,21699
"21048",Puebla,Chiautzingo,22039
"21049",Puebla,Chiconcuautla,17382
"21050",Puebla,Chichiquila,26928
"21051",Puebla,Chietla,37030
"21052",Puebla,Chigmecatitlán,1215
"21064",Puebla,Francisco Z. Mena,17824
"21065",Puebla,General Felipe Ángeles,22694
"21066",Puebla,Guadalupe,6451
"21067",Puebla,Guadalupe Victoria,18784
"21068",Puebla,Hermenegildo Galeana,7011
"21069",Puebla,Huaquechula,29233
"21070",Puebla,Huatlatlauca,6111
"21071",Puebla,Huauchinango,103946
"21072",Puebla,Huehuetla,17082
"21073",Puebla,Huehuetlán el Chico,9760
"21074",Puebla,Huejotzingo,90794
"21075",Puebla,Hueyapan,13080
"21076",Puebla,Hueytamalco,27600
"21077",Puebla,Hueytlalpan,5951
"21078",Puebla,Huitzilan de Serdán,15928
"21079",Puebla,Huitziltepec,5782
"21097",Puebla,Mixtla,2668
"21098",Puebla,Molcaxac,6668
"21099",Puebla,Cañada Morelos,20659
"21100",Puebla,Naupan,9310
"21101",Puebla,Nauzontla,3317
"21102",Puebla,Nealtican,14075
"21103",Puebla,Nicolás Bravo,6644
"21104",Puebla,Nopalucan,32772
"21105",Puebla,Ocotepec,5077
"21106",Puebla,Ocoyucan,42669
"21107",Puebla,Olintla,11993
"21108",Puebla,Oriental,19903
"21109",Puebla,Pahuatlán,20274
"21110",Puebla,Palmar de Bravo,50226
"21111",Puebla,Pantepec,18528
"21112",Puebla,Petlalcingo,9350
"21113",Puebla,Piaxtla,4627
"21114",Puebla,Puebla,1692181
"21115",Puebla,Quecholac,57992
"21116",Puebla,Quimixtlán,22855
"21080",Puebla,Atlequizayan,2633
"21081",Puebla,Ixcamilpa de Guerrero,4065
"21082",Puebla,Ixcaquixtla,8804
"21083",Puebla,Ixtacamaxtitlán,25319
"21084",Puebla,Ixtepec,6950
"21085",Puebla,Izúcar de Matamoros,82809
"21086",Puebla,Jalpan,12050
"21087",Puebla,Jolalpan,13308
"21088",Puebla,Jonotla,4457
"21089",Puebla,Jopala,12131
"21140",Puebla,San Pedro Cholula,138433
"21141",Puebla,San Pedro Yeloixtlahuaca,3488
"21090",Puebla,Juan C. Bonilla,23783
"21142",Puebla,San Salvador el Seco,30639
"21143",Puebla,San Salvador el Verde,34880
"21091",Puebla,Juan Galindo,9828
"21092",Puebla,Juan N. Méndez,5293
"21093",Puebla,Lafragua,7650
"21094",Puebla,Libres,37257
"21198",Puebla,Xicotlán,1312
"21199",Puebla,Xiutetelco,42943
"21095",Puebla,La Magdalena Tlatlauquitepec,650
"21096",Puebla,Mazapiltepec de Juárez,3176
"21200",Puebla,Xochiapulco,3443
"21201",Puebla,Xochiltepec,3375
"21202",Puebla,Xochitlán de Vicente Suárez,13025
"21203",Puebla,Xochitlán Todos Santos,7178
"21204",Puebla,Yaonáhuac,7926
"21205",Puebla,Yehualtepec,26392
"21206",Puebla,Zacapala,4647
"21207",Puebla,Zacapoaxtla,57887
"21208",Puebla,Zacatlán,87361
"21209",Puebla,Zapotitlán,8595
"21117",Puebla,Rafael Lara Grajales,15952
"21210",Puebla,Zapotitlán de Méndez,5675
"21211",Puebla,Zaragoza,16752
"21212",Puebla,Zautla,20717
"21213",Puebla,Zihuateutla,11967
"21118",Puebla,Los Reyes de Juárez,30021
"21119",Puebla,San Andrés Cholula,154448
"21120",Puebla,San Antonio Cañada,5938
"21121",Puebla,San Diego la Mesa Tochimiltzingo,1270
"21122",Puebla,San Felipe Teotlalcingo,11063
"21123",Puebla,San Felipe Tepatlán,3793
"21124",Puebla,San Gabriel Chilac,15954
"21125",Puebla,San Gregorio Atzompa,9671
"21126",Puebla,San Jerónimo Tecuanipan,6597
"21127",Puebla,San Jerónimo Xayacatlán,3606
"21128",Puebla,San José Chiapa,10443
"21129",Puebla,San José Miahuatlán,14018
"21130",Puebla,San Juan Atenco,3604
"21131",Puebla,San Juan Atzompa,975
"21132",Puebla,San Martín Texmelucan,155738
"21133",Puebla,San Martín Totoltepec,692
"21134",Puebla,San Matías Tlalancaleca,20974
"21135",Puebla,San Miguel Ixitlán,526
"21136",Puebla,San Miguel Xoxtla,12461
"21137",Puebla,San Nicolás Buenos Aires,10464
"21138",Puebla,San Nicolás de los Ranchos,11780
"21139",Puebla,San Pablo Anicano,3759
"21144",Puebla,San Salvador Huixcolotla,16790
"21145",Puebla,San Sebastián Tlacotepec,13189
"21146",Puebla,Santa Catarina Tlaltempan,749
"21147",Puebla,Santa Inés Ahuatempan,6341
"21148",Puebla,Santa Isabel Cholula,11498
"21149",Puebla,Santiago Miahuatlán,30309
"21150",Puebla,Huehuetlán el Grande,6105
"21151",Puebla,Santo Tomás Hueyotlipan,9315
"21152",Puebla,Soltepec,12631
"21153",Puebla,Tecali de Herrera,23625
"21154",Puebla,Tecamachalco,80771
"21155",Puebla,Tecomatlán,6830
"21156",Puebla,Tehuacán,327312
"21157",Puebla,Tehuitzingo,12672
"21158",Puebla,Tenampulco,6743
"21159",Puebla,Teopantlán,3836
"21160",Puebla,Teotlalco,3689
"21161",Puebla,Tepanco de López,22218
"21162",Puebla,Tepango de Rodríguez,4155
"21163",Puebla,Tepatlaxco de Hidalgo,18854
"21164",Puebla,Tepeaca,84270
"21165",Puebla,Tepemaxalco,1216
"21166",Puebla,Tepeojuma,8918
"21167",Puebla,Tepetzintla,10373
"21168",Puebla,Tepexco,7523
"21169",Puebla,Tepexi de Rodríguez,22331
"21170",Puebla,Tepeyahualco,19200
"21171",Puebla,Tepeyahualco de Cuauhtémoc,3851
"21172",Puebla,Tetela de Ocampo,27216
"21173",Puebla,Teteles de Ávila Castillo,6653
"21174",Puebla,Teziutlán,103583
"21175",Puebla,Tianguismanalco,14432
"21176",Puebla,Tilapa,9664
"21177",Puebla,Tlacotepec de Benito Juárez,54757
"21178",Puebla,Tlacuilotepec,15977
"21179",Puebla,Tlachichuca,31639
"21180",Puebla,Tlahuapan,41547
"21181",Puebla,Tlaltenango,7425
"21182",Puebla,Tlanepantla,5390
"21183",Puebla,Tlaola,20433
"21184",Puebla,Tlapacoya,6422
"21185",Puebla,Tlapanalá,10344
"21186",Puebla,Tlatlauquitepec,55576
"21187",Puebla,Tlaxco,4934
"21188",Puebla,Tochimilco,19315
"21189",Puebla,Tochtepec,22454
"21190",Puebla,Totoltepec de Guerrero,1187
"21191",Puebla,Tulcingo,9871
"21192",Puebla,Tuzamapan de Galeana,5924
"21193",Puebla,Tzicatlacoyan,6476
"21194",Puebla,Venustiano Carranza,28395
"21195",Puebla,Vicente Guerrero,26559
"21196",Puebla,Xayacatlán de Bravo,1570
"21197",Puebla,Xicotepec,80591
"21214",Puebla,Zinacatepec,18359
"21215",Puebla,Zongozotla,4539
"21216",Puebla,Zoquiapan,2452
"21217",Puebla,Zoquitlán,20335
"22001",Querétaro,Amealco de Bonfil,66841
"22002",Querétaro,Pinal de Amoles,27365
"22003",Querétaro,Arroyo Seco,13142
"22004",Querétaro,Cadereyta de Montes,69075
"22005",Querétaro,Colón,67121
"22006",Querétaro,Corregidora,212567
"22007",Querétaro,Ezequiel Montes,45141
"22008",Querétaro,Huimilpan,36808
"22009",Querétaro,Jalpan de Serra,27343
"22010",Querétaro,Landa de Matamoros,18794
"22011",Querétaro,El Marqués,231668
"22012",Querétaro,Pedro Escobedo,77404
"22013",Querétaro,Peñamiller,19141
"22014",Querétaro,Querétaro,1049777
"22015",Querétaro,San Joaquín,8359
"22016",Querétaro,San Juan del Río,297804
"22017",Querétaro,Tequisquiapan,72201
"22018",Querétaro,Tolimán,27916
"23001",Quintana Roo,Cozumel,88626
"23002",Quintana Roo,Felipe Carrillo Puerto,83990
"23003",Quintana Roo,Isla Mujeres,22686
"23004",Quintana Roo,Othón P. Blanco,233648
"23005",Quintana Roo,Benito Juárez,911503
"23006",Quintana Roo,José María Morelos,39165
"23007",Quintana Roo,Lázaro Cárdenas,29171
"23008",Quintana Roo,Solidaridad,333800
"23009",Quintana Roo,Tulum,46721
"23010",Quintana Roo,Bacalar,41754
"23011",Quintana Roo,Puerto Morelos,26921
"24001",San Luis Potosí,Ahualulco,18974
"24002",San Luis Potosí,Alaquines,7785
"24003",San Luis Potosí,Aquismón,48359
"24004",San Luis Potosí,Armadillo de los Infante,4013
"24005",San Luis Potosí,Cárdenas,18317
"24024",San Luis Potosí,Rioverde,97943
"24025",San Luis Potosí,Salinas,31107
"24026",San Luis Potosí,San Antonio,9382
"24027",San Luis Potosí,San Ciro de Acosta,10215
"24006",San Luis Potosí,Catorce,9579
"24028",San Luis Potosí,San Luis Potosí,911908
"24029",San Luis Potosí,San Martín Chalchicuautla,18468
"24030",San Luis Potosí,San Nicolás Tolentino,4779
"24031",San Luis Potosí,Santa Catarina,12163
"24032",San Luis Potosí,Santa María del Río,39880
"24033",San Luis Potosí,Santo Domingo,10785
"24034",San Luis Potosí,San Vicente Tancuayalab,14945
"24035",San Luis Potosí,Soledad de Graciano Sánchez,332072
"24036",San Luis Potosí,Tamasopo,29184
"24037",San Luis Potosí,Tamazunchale,95037
"24038",San Luis Potosí,Tampacán,14348
"24039",San Luis Potosí,Tampamolón Corona,13603
"24040",San Luis Potosí,Tamuín,36968
"24041",San Luis Potosí,Tanlajás,18208
"24042",San Luis Potosí,Tanquián de Escobedo,13448
"24043",San Luis Potosí,Tierra Nueva,7966
"24007",San Luis Potosí,Cedral,19840
"24008",San Luis Potosí,Cerritos,22075
"24009",San Luis Potosí,Cerro de San Pedro,5050
"24010",San Luis Potosí,Ciudad del Maíz,30320
"24011",San Luis Potosí,Ciudad Fernández,48106
"24012",San Luis Potosí,Tancanhuitz,20300
"24013",San Luis Potosí,Ciudad Valles,179371
"24014",San Luis Potosí,Coxcatlán,15660
"24015",San Luis Potosí,Charcas,21814
"24016",San Luis Potosí,Ebano,40899
"24017",San Luis Potosí,Guadalcázar,25119
"24018",San Luis Potosí,Huehuetlán,15334
"24019",San Luis Potosí,Lagunillas,5453
"24020",San Luis Potosí,Matehuala,102199
"24021",San Luis Potosí,Mexquitic de Carmona,58469
"24022",San Luis Potosí,Moctezuma,19036
"24023",San Luis Potosí,Rayón,15301
"24044",San Luis Potosí,Vanegas,7557
"24045",San Luis Potosí,Venado,14188
"24046",San Luis Potosí,Villa de Arriaga,18206
"24047",San Luis Potosí,Villa de Guadalupe,9277
"24048",San Luis Potosí,Villa de la Paz,5298
"24056",San Luis Potosí,Villa de Arista,17258
"24057",San Luis Potosí,Matlapa,28996
"24049",San Luis Potosí,Villa de Ramos,38389
"24050",San Luis Potosí,Villa de Reyes,52912
"24051",San Luis Potosí,Villa Hidalgo,15458
"24052",San Luis Potosí,Villa Juárez,10304
"24053",San Luis Potosí,Axtla de Terrazas,32544
"24054",San Luis Potosí,Xilitla,49741
"24055",San Luis Potosí,Zaragoza,27386
"24058",San Luis Potosí,El Naranjo,20959
"25001",Sinaloa,Ahome,459310
"25002",Sinaloa,Angostura,44093
"25003",Sinaloa,Badiraguato,26542
"25004",Sinaloa,Concordia,24899
"25005",Sinaloa,Cosalá,17012
"25006",Sinaloa,Culiacán,1003530
"25007",Sinaloa,Choix,29334
"25008",Sinaloa,Elota,55339
"25009",Sinaloa,Escuinapa,59988
"25010",Sinaloa,El Fuerte,96593
"25011",Sinaloa,Guasave,289370
"25012",Sinaloa,Mazatlán,501441
"25013",Sinaloa,Mocorito,40358
"25014",Sinaloa,Rosario,52345
"25015",Sinaloa,Salvador Alvarado,79492
"25016",Sinaloa,San Ignacio,19505
"25017",Sinaloa,Sinaloa,78670
"25018",Sinaloa,Navolato,149122
"26001",Sonora,Aconchi,2563
"26002",Sonora,Agua Prieta,91929
"26003",Sonora,Álamos,24976
"26004",Sonora,Altar,9492
"26005",Sonora,Arivechi,1177
"26006",Sonora,Arizpe,2788
"26007",Sonora,Atil,626
"26008",Sonora,Bacadéhuachi,979
"26009",Sonora,Bacanora,759
"26010",Sonora,Bacerac,1221
"26011",Sonora,Bacoachi,1475
"26012",Sonora,Bácum,23151
"26013",Sonora,Banámichi,1825
"26014",Sonora,Baviácora,3191
"26015",Sonora,Bavispe,1169
"26016",Sonora,Benjamín Hill,4988
"26017",Sonora,Caborca,89122
"26018",Sonora,Cajeme,436484
"26019",Sonora,Cananea,39451
"26023",Sonora,Cumpas,5829
"26024",Sonora,Divisaderos,753
"26025",Sonora,Empalme,51431
"26026",Sonora,Etchojoa,61309
"26020",Sonora,Carbó,4946
"26048",Sonora,Puerto Peñasco,62689
"26049",Sonora,Quiriego,3090
"26021",Sonora,La Colorada,1848
"26022",Sonora,Cucurpe,863
"26027",Sonora,Fronteras,9041
"26028",Sonora,Granados,1009
"26029",Sonora,Guaymas,156863
"26030",Sonora,Hermosillo,936263
"26031",Sonora,Huachinera,1186
"26032",Sonora,Huásabas,888
"26033",Sonora,Huatabampo,77682
"26034",Sonora,Huépac,943
"26035",Sonora,Imuris,12536
"26036",Sonora,Magdalena,33049
"26037",Sonora,Mazatán,1101
"26038",Sonora,Moctezuma,5173
"26039",Sonora,Naco,5774
"26040",Sonora,Nácori Chico,1531
"26041",Sonora,Nacozari de García,14369
"26042",Sonora,Navojoa,164387
"26043",Sonora,Nogales,264782
"26044",Sonora,Ónavas,365
"26045",Sonora,Opodepe,2438
"26046",Sonora,Oquitoa,496
"26047",Sonora,Pitiquito,9122
"26050",Sonora,Rayón,1496
"26051",Sonora,Rosario,4830
"26052",Sonora,Sahuaripa,5257
"26053",Sonora,San Felipe de Jesús,369
"26054",Sonora,San Javier,537
"26055",Sonora,San Luis Río Colorado,199021
"26061",Sonora,Soyopa,1368
"26062",Sonora,Suaqui Grande,1114
"26056",Sonora,San Miguel de Horcasitas,10729
"26063",Sonora,Tepache,1178
"26064",Sonora,Trincheras,1381
"26057",Sonora,San Pedro de la Cueva,1458
"26058",Sonora,Santa Ana,16203
"26059",Sonora,Santa Cruz,1835
"26060",Sonora,Sáric,2058
"26065",Sonora,Tubutama,1473
"26066",Sonora,Ures,8548
"26067",Sonora,Villa Hidalgo,1429
"26068",Sonora,Villa Pesqueira,1043
"26069",Sonora,Yécora,4793
"26070",Sonora,General Plutarco Elías Calles,13627
"26071",Sonora,Benito Juárez,21692
"26072",Sonora,San Ignacio Río Muerto,14279
"27001",Tabasco,Balancán,58524
"27002",Tabasco,Cárdenas,243229
"27003",Tabasco,Centla,107731
"27004",Tabasco,Centro,683607
"27005",Tabasco,Comalcalco,214877
"27006",Tabasco,Cunduacán,137257
"27007",Tabasco,Emiliano Zapata,32181
"27008",Tabasco,Huimanguillo,190885
"27009",Tabasco,Jalapa,37749
"27010",Tabasco,Jalpa de Méndez,91185
"27011",Tabasco,Jonuta,30798
"27012",Tabasco,Macuspana,158601
"27013",Tabasco,Nacajuca,150300
"27014",Tabasco,Paraíso,96741
"27015",Tabasco,Tacotalpa,47905
"27016",Tabasco,Teapa,58718
"27017",Tabasco,Tenosique,62310
"28001",Tamaulipas,Abasolo,9822
"28002",Tamaulipas,Aldama,28725
"28003",Tamaulipas,Altamira,269790
"28004",Tamaulipas,Antiguo Morelos,8850
"28005",Tamaulipas,Burgos,4256
"28006",Tamaulipas,Bustamante,7542
"28007",Tamaulipas,Camargo,16546
"28008",Tamaulipas,Casas,4143
"28009",Tamaulipas,Ciudad Madero,205933
"28010",Tamaulipas,Cruillas,1671
"28011",Tamaulipas,Gómez Farías,8288
"28012",Tamaulipas,González,41470
"28013",Tamaulipas,Güémez,15032
"28014",Tamaulipas,Guerrero,3803
"28015",Tamaulipas,Gustavo Díaz Ordaz,15677
"28016",Tamaulipas,Hidalgo,17012
"28017",Tamaulipas,Jaumave,15994
"28026",Tamaulipas,Miquihuana,3704
"28027",Tamaulipas,Nuevo Laredo,425058
"28028",Tamaulipas,Nuevo Morelos,3810
"28018",Tamaulipas,Jiménez,6375
"28036",Tamaulipas,San Nicolás,926
"28037",Tamaulipas,Soto la Marina,23673
"28038",Tamaulipas,Tampico,297562
"28039",Tamaulipas,Tula,28230
"28019",Tamaulipas,Llera,14645
"28020",Tamaulipas,Mainero,2048
"28021",Tamaulipas,El Mante,106144
"28022",Tamaulipas,Matamoros,541979
"28023",Tamaulipas,Méndez,4280
"28024",Tamaulipas,Mier,6385
"28025",Tamaulipas,Miguel Alemán,26237
"28029",Tamaulipas,Ocampo,13190
"28030",Tamaulipas,Padilla,13618
"28031",Tamaulipas,Palmillas,1917
"28032",Tamaulipas,Reynosa,704767
"28033",Tamaulipas,Río Bravo,132484
"28034",Tamaulipas,San Carlos,7411
"28035",Tamaulipas,San Fernando,51405
"28040",Tamaulipas,Valle Hermoso,60055
"28041",Tamaulipas,Victoria,349688
"28042",Tamaulipas,Villagrán,5361
"28043",Tamaulipas,Xicoténcatl,22229
"29001",Tlaxcala,Amaxac de Guerrero,11403
"29002",Tlaxcala,Apetatitlán de Antonio Carvajal,16003
"29003",Tlaxcala,Atlangatepec,7087
"29004",Tlaxcala,Atltzayanca,18111
"29005",Tlaxcala,Apizaco,80725
"29006",Tlaxcala,Calpulalpan,51172
"29007",Tlaxcala,El Carmen Tequexquitla,17332
"29008",Tlaxcala,Cuapiaxtla,16222
"29009",Tlaxcala,Cuaxomulco,5928
"29010",Tlaxcala,Chiautempan,73215
"29011",Tlaxcala,Muñoz de Domingo Arenas,4755
"29012",Tlaxcala,Españita,9416
"29013",Tlaxcala,Huamantla,98764
"29014",Tlaxcala,Hueyotlipan,15190
"29015",Tlaxcala,Ixtacuixtla de Mariano Matamoros,38970
"29016",Tlaxcala,Ixtenco,7504
"29017",Tlaxcala,Mazatecochco de José María Morelos,11592
"29018",Tlaxcala,Contla de Juan Cuamatzi,38579
"29042",Tlaxcala,Xicohtzinco,14197
"29043",Tlaxcala,Yauhquemehcan,42242
"29044",Tlaxcala,Zacatelco,45717
"29019",Tlaxcala,Tepetitla de Lardizábal,22274
"29020",Tlaxcala,Sanctórum de Lázaro Cárdenas,9432
"29021",Tlaxcala,Nanacamilpa de Mariano Arista,18686
"29022",Tlaxcala,Acuamanala de Miguel Hidalgo,6432
"29023",Tlaxcala,Natívitas,26309
"29024",Tlaxcala,Panotla,28357
"29025",Tlaxcala,San Pablo del Monte,82688
"29026",Tlaxcala,Santa Cruz Tlaxcala,24116
"29027",Tlaxcala,Tenancingo,12974
"29028",Tlaxcala,Teolocholco,25257
"29029",Tlaxcala,Tepeyanco,13328
"29030",Tlaxcala,Terrenate,15475
"29031",Tlaxcala,Tetla de la Solidaridad,35284
"29032",Tlaxcala,Tetlatlahuca,13561
"29033",Tlaxcala,Tlaxcala,99896
"29034",Tlaxcala,Tlaxco,45438
"29035",Tlaxcala,Tocatlán,6294
"29036",Tlaxcala,Totolac,22529
"29037",Tlaxcala,Ziltlaltépec de Trinidad Sánchez Santos,9207
"29038",Tlaxcala,Tzompantepec,18006
"29039",Tlaxcala,Xaloztoc,25607
"29040",Tlaxcala,Xaltocan,10601
"29041",Tlaxcala,Papalotla de Xicohténcatl,33499
"29045",Tlaxcala,Benito Juárez,6211
"29046",Tlaxcala,Emiliano Zapata,4951
"29047",Tlaxcala,Lázaro Cárdenas,3534
"29048",Tlaxcala,La Magdalena Tlaltelulco,19036
"29054",Tlaxcala,San Lorenzo Axocomanitla,5689
"29055",Tlaxcala,San Lucas Tecopilco,3077
"29049",Tlaxcala,San Damián Texóloc,5884
"29050",Tlaxcala,San Francisco Tetlanohcan,11761
"29051",Tlaxcala,San Jerónimo Zacualpan,4092
"29052",Tlaxcala,San José Teacalco,6436
"29053",Tlaxcala,San Juan Huactzinco,7688
"29056",Tlaxcala,Santa Ana Nopalucan,7952
"29057",Tlaxcala,Santa Apolonia Teacalco,4636
"29058",Tlaxcala,Santa Catarina Ayometla,9463
"29059",Tlaxcala,Santa Cruz Quilehtla,7750
"29060",Tlaxcala,Santa Isabel Xiloxoxtla,5443
"30001",Veracruz de Ignacio de la Llave,Acajete,9701
"30002",Veracruz de Ignacio de la Llave,Acatlán,3441
"30003",Veracruz de Ignacio de la Llave,Acayucan,80815
"30004",Veracruz de Ignacio de la Llave,Actopan,41742
"30005",Veracruz de Ignacio de la Llave,Acula,5253
"30006",Veracruz de Ignacio de la Llave,Acultzingo,23100
"30007",Veracruz de Ignacio de la Llave,Camarón de Tejeda,6538
"30008",Veracruz de Ignacio de la Llave,Alpatláhuac,10338
"30009",Veracruz de Ignacio de la Llave,Alto Lucero de Gutiérrez Barrios,28184
"30010",Veracruz de Ignacio de la Llave,Altotonga,64234
"30011",Veracruz de Ignacio de la Llave,Alvarado,57035
"30012",Veracruz de Ignacio de la Llave,Amatitlán,7866
"30013",Veracruz de Ignacio de la Llave,Naranjos Amatlán,26843
"30014",Veracruz de Ignacio de la Llave,Amatlán de los Reyes,46955
"30015",Veracruz de Ignacio de la Llave,Angel R. Cabada,33839
"30016",Veracruz de Ignacio de la Llave,La Antigua,28682
"30017",Veracruz de Ignacio de la Llave,Apazapan,4709
"30018",Veracruz de Ignacio de la Llave,Aquila,1978
"30019",Veracruz de Ignacio de la Llave,Astacinga,6909
"30020",Veracruz de Ignacio de la Llave,Atlahuilco,11577
"30021",Veracruz de Ignacio de la Llave,Atoyac,23461
"30022",Veracruz de Ignacio de la Llave,Atzacan,22651
"30023",Veracruz de Ignacio de la Llave,Atzalan,49180
"30024",Veracruz de Ignacio de la Llave,Tlaltetela,16485
"30025",Veracruz de Ignacio de la Llave,Ayahualulco,27217
"30026",Veracruz de Ignacio de la Llave,Banderilla,25993
"30027",Veracruz de Ignacio de la Llave,Benito Juárez,16120
"30028",Veracruz de Ignacio de la Llave,Boca del Río,144550
"30029",Veracruz de Ignacio de la Llave,Calcahualco,13701
"30030",Veracruz de Ignacio de la Llave,Camerino Z. Mendoza,41835
"30031",Veracruz de Ignacio de la Llave,Carrillo Puerto,18888
"30032",Veracruz de Ignacio de la Llave,Catemaco,49451
"30033",Veracruz de Ignacio de la Llave,Cazones de Herrera,24421
"30034",Veracruz de Ignacio de la Llave,Cerro Azul,25011
"30035",Veracruz de Ignacio de la Llave,Citlaltépetl,11165
"30036",Veracruz de Ignacio de la Llave,Coacoatzintla,11018
"30037",Veracruz de Ignacio de la Llave,Coahuitlán,8176
"30038",Veracruz de Ignacio de la Llave,Coatepec,93911
"30039",Veracruz de Ignacio de la Llave,Coatzacoalcos,310698
"30040",Veracruz de Ignacio de la Llave,Coatzintla,55016
"30041",Veracruz de Ignacio de la Llave,Coetzala,2355
"30042",Veracruz de Ignacio de la Llave,Colipa,5743
"30043",Veracruz de Ignacio de la Llave,Comapa,19876
"30044",Veracruz de Ignacio de la Llave,Córdoba,204721
"30045",Veracruz de Ignacio de la Llave,Cosamaloapan de Carpio,54737
"30046",Veracruz de Ignacio de la Llave,Cosautlán de Carvajal,16167
"30047",Veracruz de Ignacio de la Llave,Coscomatepec,59471
"30048",Veracruz de Ignacio de la Llave,Cosoleacaque,130903
"30049",Veracruz de Ignacio de la Llave,Cotaxtla,22050
"30050",Veracruz de Ignacio de la Llave,Coxquihui,16333
"30051",Veracruz de Ignacio de la Llave,Coyutla,23096
"30052",Veracruz de Ignacio de la Llave,Cuichapa,11869
"30053",Veracruz de Ignacio de la Llave,Cuitláhuac,28075
"30054",Veracruz de Ignacio de la Llave,Chacaltianguis,11461
"30055",Veracruz de Ignacio de la Llave,Chalma,13527
"30056",Veracruz de Ignacio de la Llave,Chiconamel,6610
"30057",Veracruz de Ignacio de la Llave,Chiconquiaco,13881
"30058",Veracruz de Ignacio de la Llave,Chicontepec,53858
"30059",Veracruz de Ignacio de la Llave,Chinameca,22638
"30060",Veracruz de Ignacio de la Llave,Chinampa de Gorostiza,16283
"30061",Veracruz de Ignacio de la Llave,Las Choapas,81080
"30062",Veracruz de Ignacio de la Llave,Chocamán,20839
"30063",Veracruz de Ignacio de la Llave,Chontla,13359
"30077",Veracruz de Ignacio de la Llave,Isla,42807
"30078",Veracruz de Ignacio de la Llave,Ixcatepec,12379
"30079",Veracruz de Ignacio de la Llave,Ixhuacán de los Reyes,11387
"30080",Veracruz de Ignacio de la Llave,Ixhuatlán del Café,23132
"30081",Veracruz de Ignacio de la Llave,Ixhuatlancillo,27295
"30082",Veracruz de Ignacio de la Llave,Ixhuatlán del Sureste,15831
"30083",Veracruz de Ignacio de la Llave,Ixhuatlán de Madero,50836
"30084",Veracruz de Ignacio de la Llave,Ixmatlahuacan,5574
"30085",Veracruz de Ignacio de la Llave,Ixtaczoquitlán,74004
"30086",Veracruz de Ignacio de la Llave,Jalacingo,46794
"30087",Veracruz de Ignacio de la Llave,Xalapa,488531
"30088",Veracruz de Ignacio de la Llave,Jalcomulco,5054
"30064",Veracruz de Ignacio de la Llave,Chumatlán,4008
"30065",Veracruz de Ignacio de la Llave,Emiliano Zapata,85489
"30066",Veracruz de Ignacio de la Llave,Espinal,26830
"30067",Veracruz de Ignacio de la Llave,Filomeno Mata,19179
"30068",Veracruz de Ignacio de la Llave,Fortín,66372
"30069",Veracruz de Ignacio de la Llave,Gutiérrez Zamora,24085
"30070",Veracruz de Ignacio de la Llave,Hidalgotitlán,18275
"30071",Veracruz de Ignacio de la Llave,Huatusco,59920
"30072",Veracruz de Ignacio de la Llave,Huayacocotla,21796
"30073",Veracruz de Ignacio de la Llave,Hueyapan de Ocampo,41670
"30089",Veracruz de Ignacio de la Llave,Jáltipan,38669
"30090",Veracruz de Ignacio de la Llave,Jamapa,11132
"30091",Veracruz de Ignacio de la Llave,Jesús Carranza,28524
"30092",Veracruz de Ignacio de la Llave,Xico,39623
"30093",Veracruz de Ignacio de la Llave,Jilotepec,16585
"30094",Veracruz de Ignacio de la Llave,Juan Rodríguez Clara,38367
"30095",Veracruz de Ignacio de la Llave,Juchique de Ferrer,15059
"30096",Veracruz de Ignacio de la Llave,Landero y Coss,1543
"30097",Veracruz de Ignacio de la Llave,Lerdo de Tejada,19123
"30117",Veracruz de Ignacio de la Llave,Omealca,23773
"30118",Veracruz de Ignacio de la Llave,Orizaba,123182
"30074",Veracruz de Ignacio de la Llave,Huiloapan de Cuauhtémoc,7293
"30075",Veracruz de Ignacio de la Llave,Ignacio de la Llave,16525
"30076",Veracruz de Ignacio de la Llave,Ilamatlán,13377
"30098",Veracruz de Ignacio de la Llave,Magdalena,3299
"30099",Veracruz de Ignacio de la Llave,Maltrata,18327
"30100",Veracruz de Ignacio de la Llave,Manlio Fabio Altamirano,23918
"30101",Veracruz de Ignacio de la Llave,Mariano Escobedo,38670
"30102",Veracruz de Ignacio de la Llave,Martínez de la Torre,108842
"30103",Veracruz de Ignacio de la Llave,Mecatlán,12799
"30104",Veracruz de Ignacio de la Llave,Mecayapan,17134
"30105",Veracruz de Ignacio de la Llave,Medellín de Bravo,95202
"30106",Veracruz de Ignacio de la Llave,Miahuatlán,4841
"30109",Veracruz de Ignacio de la Llave,Misantla,65761
"30110",Veracruz de Ignacio de la Llave,Mixtla de Altamirano,12125
"30111",Veracruz de Ignacio de la Llave,Moloacán,16493
"30112",Veracruz de Ignacio de la Llave,Naolinco,22835
"30113",Veracruz de Ignacio de la Llave,Naranjal,4614
"30114",Veracruz de Ignacio de la Llave,Nautla,10130
"30115",Veracruz de Ignacio de la Llave,Nogales,37314
"30119",Veracruz de Ignacio de la Llave,Otatitlán,5651
"30120",Veracruz de Ignacio de la Llave,Oteapan,10343
"30121",Veracruz de Ignacio de la Llave,Ozuluama de Mascareñas,22756
"30122",Veracruz de Ignacio de la Llave,Pajapan,18051
"30123",Veracruz de Ignacio de la Llave,Pánuco,96185
"30124",Veracruz de Ignacio de la Llave,Papantla,159910
"30125",Veracruz de Ignacio de la Llave,Paso del Macho,31894
"30126",Veracruz de Ignacio de la Llave,Paso de Ovejas,33442
"30127",Veracruz de Ignacio de la Llave,La Perla,28258
"30128",Veracruz de Ignacio de la Llave,Perote,77432
"30129",Veracruz de Ignacio de la Llave,Platón Sánchez,18053
"30130",Veracruz de Ignacio de la Llave,Playa Vicente,39327
"30131",Veracruz de Ignacio de la Llave,Poza Rica de Hidalgo,189457
"30107",Veracruz de Ignacio de la Llave,Las Minas,2934
"30108",Veracruz de Ignacio de la Llave,Minatitlán,144776
"30116",Veracruz de Ignacio de la Llave,Oluta,17027
"30132",Veracruz de Ignacio de la Llave,Las Vigas de Ramírez,20300
"30133",Veracruz de Ignacio de la Llave,Pueblo Viejo,57909
"30134",Veracruz de Ignacio de la Llave,Puente Nacional,23544
"30135",Veracruz de Ignacio de la Llave,Rafael Delgado,24127
"30136",Veracruz de Ignacio de la Llave,Rafael Lucio,8343
"30137",Veracruz de Ignacio de la Llave,Los Reyes,6308
"30161",Veracruz de Ignacio de la Llave,Tempoal,34408
"30162",Veracruz de Ignacio de la Llave,Tenampa,6448
"30163",Veracruz de Ignacio de la Llave,Tenochtitlán,5040
"30164",Veracruz de Ignacio de la Llave,Teocelo,16957
"30165",Veracruz de Ignacio de la Llave,Tepatlaxco,8925
"30166",Veracruz de Ignacio de la Llave,Tepetlán,9405
"30167",Veracruz de Ignacio de la Llave,Tepetzintla,14619
"30168",Veracruz de Ignacio de la Llave,Tequila,16343
"30138",Veracruz de Ignacio de la Llave,Río Blanco,41795
"30139",Veracruz de Ignacio de la Llave,Saltabarranca,6126
"30169",Veracruz de Ignacio de la Llave,José Azueta,22709
"30170",Veracruz de Ignacio de la Llave,Texcatepec,10824
"30171",Veracruz de Ignacio de la Llave,Texhuacán,5575
"30172",Veracruz de Ignacio de la Llave,Texistepec,19925
"30173",Veracruz de Ignacio de la Llave,Tezonapa,54537
"30174",Veracruz de Ignacio de la Llave,Tierra Blanca,95602
"30175",Veracruz de Ignacio de la Llave,Tihuatlán,92726
"30176",Veracruz de Ignacio de la Llave,Tlacojalpan,4489
"30140",Veracruz de Ignacio de la Llave,San Andrés Tenejapan,3134
"30141",Veracruz de Ignacio de la Llave,San Andrés Tuxtla,162428
"30142",Veracruz de Ignacio de la Llave,San Juan Evangelista,32631
"30143",Veracruz de Ignacio de la Llave,Santiago Tuxtla,57085
"30144",Veracruz de Ignacio de la Llave,Sayula de Alemán,32400
"30145",Veracruz de Ignacio de la Llave,Soconusco,16574
"30146",Veracruz de Ignacio de la Llave,Sochiapa,3925
"30147",Veracruz de Ignacio de la Llave,Soledad Atzompa,24578
"30148",Veracruz de Ignacio de la Llave,Soledad de Doblado,28130
"30149",Veracruz de Ignacio de la Llave,Soteapan,34385
"30150",Veracruz de Ignacio de la Llave,Tamalín,11631
"30151",Veracruz de Ignacio de la Llave,Tamiahua,21902
"30152",Veracruz de Ignacio de la Llave,Tampico Alto,11561
"30153",Veracruz de Ignacio de la Llave,Tancoco,5795
"30154",Veracruz de Ignacio de la Llave,Tantima,11991
"30155",Veracruz de Ignacio de la Llave,Tantoyuca,99959
"30156",Veracruz de Ignacio de la Llave,Tatatila,6041
"30157",Veracruz de Ignacio de la Llave,Castillo de Teayo,20145
"30158",Veracruz de Ignacio de la Llave,Tecolutla,24551
"30159",Veracruz de Ignacio de la Llave,Tehuipango,29686
"30160",Veracruz de Ignacio de la Llave,Álamo Temapache,107270
"30177",Veracruz de Ignacio de la Llave,Tlacolulan,11685
"30178",Veracruz de Ignacio de la Llave,Tlacotalpan,12898
"30179",Veracruz de Ignacio de la Llave,Tlacotepec de Mejía,4284
"30180",Veracruz de Ignacio de la Llave,Tlachichilco,10900
"30181",Veracruz de Ignacio de la Llave,Tlalixcoyan,37795
"30182",Veracruz de Ignacio de la Llave,Tlalnelhuayocan,19664
"30183",Veracruz de Ignacio de la Llave,Tlapacoyan,61377
"30184",Veracruz de Ignacio de la Llave,Tlaquilpa,7933
"30196",Veracruz de Ignacio de la Llave,Yanga,17902
"30197",Veracruz de Ignacio de la Llave,Yecuatla,11205
"30198",Veracruz de Ignacio de la Llave,Zacualpan,6788
"30199",Veracruz de Ignacio de la Llave,Zaragoza,11899
"30200",Veracruz de Ignacio de la Llave,Zentla,12581
"30201",Veracruz de Ignacio de la Llave,Zongolica,45028
"30202",Veracruz de Ignacio de la Llave,Zontecomatlán de López y Fuentes,14644
"30203",Veracruz de Ignacio de la Llave,Zozocolco de Hidalgo,14524
"30204",Veracruz de Ignacio de la Llave,Agua Dulce,44104
"30205",Veracruz de Ignacio de la Llave,El Higo,19402
"30185",Veracruz de Ignacio de la Llave,Tlilapan,5548
"30186",Veracruz de Ignacio de la Llave,Tomatlán,7197
"30187",Veracruz de Ignacio de la Llave,Tonayán,6105
"30188",Veracruz de Ignacio de la Llave,Totutla,17217
"30189",Veracruz de Ignacio de la Llave,Tuxpan,154600
"30190",Veracruz de Ignacio de la Llave,Tuxtilla,2258
"30191",Veracruz de Ignacio de la Llave,Ursulo Galván,30097
"30192",Veracruz de Ignacio de la Llave,Vega de Alatorre,20204
"30193",Veracruz de Ignacio de la Llave,Veracruz,607209
"30194",Veracruz de Ignacio de la Llave,Villa Aldama,12492
"30195",Veracruz de Ignacio de la Llave,Xoxocotla,5900
"30206",Veracruz de Ignacio de la Llave,Nanchital de Lázaro Cárdenas del Río,29209
"30207",Veracruz de Ignacio de la Llave,Tres Valles,44978
"30208",Veracruz de Ignacio de la Llave,Carlos A. Carrillo,23376
"30209",Veracruz de Ignacio de la Llave,Tatahuicapan de Juárez,15044
"30210",Veracruz de Ignacio de la Llave,Uxpanapa,30891
"30211",Veracruz de Ignacio de la Llave,San Rafael,30351
"30212",Veracruz de Ignacio de la Llave,Santiago Sochiapan,13062
"31001",Yucatán,Abalá,6550
"31002",Yucatán,Acanceh,16772
"31003",Yucatán,Akil,12285
"31004",Yucatán,Baca,6195
"31005",Yucatán,Bokobá,2167
"31006",Yucatán,Buctzotz,9159
"31016",Yucatán,Chacsinkín,3104
"31017",Yucatán,Chankom,4686
"31018",Yucatán,Chapab,3385
"31019",Yucatán,Chemax,38934
"31007",Yucatán,Cacalchén,7490
"31008",Yucatán,Calotmul,3949
"31009",Yucatán,Cansahcab,4466
"31010",Yucatán,Cantamayec,2755
"31011",Yucatán,Celestún,8389
"31012",Yucatán,Cenotillo,3736
"31013",Yucatán,Conkal,16671
"31014",Yucatán,Cuncunul,1714
"31015",Yucatán,Cuzamá,5560
"31020",Yucatán,Chicxulub Pueblo,4497
"31021",Yucatán,Chichimilá,9406
"31022",Yucatán,Chikindzonot,4363
"31023",Yucatán,Chocholá,4863
"31024",Yucatán,Chumayel,3244
"31049",Yucatán,Mayapán,3965
"31050",Yucatán,Mérida,995129
"31025",Yucatán,Dzán,6003
"31026",Yucatán,Dzemul,3622
"31027",Yucatán,Dzidzantún,8345
"31028",Yucatán,Dzilam de Bravo,2936
"31029",Yucatán,Dzilam González,6240
"31030",Yucatán,Dzitás,4015
"31031",Yucatán,Dzoncauich,2818
"31032",Yucatán,Espita,16779
"31033",Yucatán,Halachó,21255
"31034",Yucatán,Hocabá,6514
"31035",Yucatán,Hoctún,6384
"31036",Yucatán,Homún,8090
"31037",Yucatán,Huhí,5250
"31038",Yucatán,Hunucmá,35137
"31039",Yucatán,Ixil,4186
"31040",Yucatán,Izamal,28555
"31041",Yucatán,Kanasín,141939
"31042",Yucatán,Kantunil,5553
"31055",Yucatán,Opichén,7080
"31056",Yucatán,Oxkutzcab,33854
"31057",Yucatán,Panabá,7766
"31058",Yucatán,Peto,25954
"31043",Yucatán,Kaua,3405
"31059",Yucatán,Progreso,66008
"31044",Yucatán,Kinchil,7530
"31045",Yucatán,Kopomá,2677
"31046",Yucatán,Mama,3296
"31047",Yucatán,Maní,5968
"31048",Yucatán,Maxcanú,23991
"31051",Yucatán,Mocochá,3430
"31052",Yucatán,Motul,37804
"31053",Yucatán,Muna,13494
"31054",Yucatán,Muxupip,2990
"31060",Yucatán,Quintana Roo,976
"31061",Yucatán,Río Lagartos,3974
"31062",Yucatán,Sacalum,4962
"31064",Yucatán,Sanahcat,1701
"31065",Yucatán,San Felipe,2118
"31063",Yucatán,Samahil,5631
"31066",Yucatán,Santa Elena,4220
"31067",Yucatán,Seyé,10053
"31100",Yucatán,Ucú,4049
"31101",Yucatán,Umán,69147
"31102",Yucatán,Valladolid,85460
"31103",Yucatán,Xocchel,3451
"31104",Yucatán,Yaxcabá,16350
"31068",Yucatán,Sinanché,3206
"31069",Yucatán,Sotuta,8967
"31070",Yucatán,Sucilá,3971
"31071",Yucatán,Sudzal,1949
"31072",Yucatán,Suma,1857
"31073",Yucatán,Tahdziú,5854
"31074",Yucatán,Tahmek,3774
"31075",Yucatán,Teabo,6921
"31076",Yucatán,Tecoh,17939
"31077",Yucatán,Tekal de Venegas,2683
"31078",Yucatán,Tekantó,3747
"31079",Yucatán,Tekax,45062
"31080",Yucatán,Tekit,11020
"31081",Yucatán,Tekom,3355
"31082",Yucatán,Telchac Pueblo,3512
"31083",Yucatán,Telchac Puerto,1915
"31084",Yucatán,Temax,7037
"31085",Yucatán,Temozón,16680
"31086",Yucatán,Tepakán,2133
"31087",Yucatán,Tetiz,5464
"31088",Yucatán,Teya,1917
"31089",Yucatán,Ticul,40495
"31090",Yucatán,Timucuy,7503
"31091",Yucatán,Tinum,12700
"31092",Yucatán,Tixcacalcupul,7888
"31093",Yucatán,Tixkokob,18420
"31094",Yucatán,Tixmehuac,5444
"31095",Yucatán,Tixpéhual,5690
"31096",Yucatán,Tizimín,80672
"31097",Yucatán,Tunkás,3684
"31098",Yucatán,Tzucacab,15346
"31099",Yucatán,Uayma,4191
"31105",Yucatán,Yaxkukul,3293
"31106",Yucatán,Yobaín,2215
"32001",Zacatecas,Apozol,6260
"32002",Zacatecas,Apulco,4942
"32003",Zacatecas,Atolinga,2277
"32004",Zacatecas,Benito Juárez,4493
"32005",Zacatecas,Calera,45759
"32006",Zacatecas,Cañitas de Felipe Pescador,8255
"32007",Zacatecas,Concepción del Oro,12115
"32008",Zacatecas,Cuauhtémoc,13466
"32009",Zacatecas,Chalchihuites,10086
"32010",Zacatecas,Fresnillo,240532
"32011",Zacatecas,Trinidad García de la Cadena,3362
"32012",Zacatecas,Genaro Codina,8168
"32015",Zacatecas,El Plateado de Joaquín Amaro,1579
"32016",Zacatecas,General Pánfilo Natera,23526
"32017",Zacatecas,Guadalupe,211740
"32018",Zacatecas,Huanusco,4547
"32019",Zacatecas,Jalpa,25296
"32020",Zacatecas,Jerez,59910
"32021",Zacatecas,Jiménez del Teul,4465
"32022",Zacatecas,Juan Aldama,19749
"32023",Zacatecas,Juchipila,12251
"32024",Zacatecas,Loreto,53709
"32025",Zacatecas,Luis Moya,13184
"32026",Zacatecas,Mazapil,17774
"32027",Zacatecas,Melchor Ocampo,2736
"32028",Zacatecas,Mezquital del Oro,2451
"32029",Zacatecas,Miguel Auza,23713
"32030",Zacatecas,Momax,2446
"32031",Zacatecas,Monte Escobedo,8683
"32032",Zacatecas,Morelos,13207
"32033",Zacatecas,Moyahua de Estrada,4530
"32034",Zacatecas,Nochistlán de Mejía,27945
"32035",Zacatecas,Noria de Ángeles,16284
"32036",Zacatecas,Ojocaliente,44144
"32037",Zacatecas,Pánuco,17577
"32038",Zacatecas,Pinos,72241
"32039",Zacatecas,Río Grande,64535
"32040",Zacatecas,Sain Alto,21844
"32057",Zacatecas,Trancoso,20455
"32013",Zacatecas,General Enrique Estrada,6644
"32014",Zacatecas,General Francisco R. Murguía,20191
"32041",Zacatecas,El Salvador,2509
"32042",Zacatecas,Sombrerete,63665
"32043",Zacatecas,Susticacán,1365
"32044",Zacatecas,Tabasco,16588
"32045",Zacatecas,Tepechitlán,8321
"32046",Zacatecas,Tepetongo,6490
"32047",Zacatecas,Teúl de González Ortega,5356
"32048",Zacatecas,Tlaltenango de Sánchez Román,27302
"32049",Zacatecas,Valparaíso,32461
"32050",Zacatecas,Vetagrande,10276
"32051",Zacatecas,Villa de Cos,34623
"32052",Zacatecas,Villa García,19525
"32053",Zacatecas,Villa González Ortega,13208
"32054",Zacatecas,Villa Hidalgo,19446
"32055",Zacatecas,Villanueva,31558
"32056",Zacatecas,Zacatecas,149607
"32058",Zacatecas,Santa María de la Paz,2767
